first_name,last_name,date_of_birth,job_title,postal_code,city,address,phone
Kenneth,Chavez,1971-05-19,Account Representative II,8925,Ronglong,83 Bonner Street,86-(450)820-8426
Melissa,Thompson,1997-07-17,Assistant Media Planner,4825,Legok,90 Saint Paul Avenue,62-(106)386-3248
Jane,Nichols,1986-11-22,VP Product Management,9530,Codrington,8 Arapahoe Avenue,1-(831)125-5690
Albert,Watson,1998-02-01,Graphic Designer,2006,Shchukino,10205 Esker Road,7-(975)218-9745
Doris,Rose,1974-04-22,Legal Assistant,8319,Ketapang,51 Fulton Street,62-(593)435-8605
Sandra,Taylor,1974-01-23,Electrical Engineer,7890,Chunjing,0 Golf Pass,86-(633)196-8213
Lois,Mills,1995-10-06,VP Sales,3565,Francisco Villa,961 Mifflin Drive,52-(152)233-8601
Juan,Myers,1988-12-04,Systems Administrator II,2151,Neuilly-sur-Seine,84 Rockefeller Center,33-(534)681-5550
Martha,Pierce,1973-03-02,Nurse,4895,Longmen,4809 Mosinee Road,86-(401)526-8829
Robin,Foster,1983-09-06,Nurse Practicioner,8326,Lela,4 Nobel Street,62-(687)671-7886
Brandon,Watson,1995-03-29,Assistant Professor,3030,Pulaupanggung,00386 Prairie Rose Park,62-(652)247-6539
Rebecca,Hunter,1977-03-09,Engineer III,7863,Skuhrov nad Bělou,4907 Westerfield Parkway,420-(800)404-5805
George,Hunt,1977-10-04,Actuary,4882,Chegdomyn,454 Continental Avenue,7-(258)502-9551
Roger,Richards,1992-06-01,Account Coordinator,3172,Isabela,52 Maple Wood Court,63-(155)456-6927
Nicole,Henderson,1997-10-06,Staff Scientist,4843,Mueang Nonthaburi,8 Pepper Wood Parkway,66-(215)756-0767
Jane,Bryant,1992-09-06,Office Assistant II,1845,Sayḩūt,0036 Mendota Pass,967-(418)824-4316
Nancy,Dixon,1995-03-20,Research Assistant IV,7720,Torreira,272 Monterey Way,351-(974)772-7256
Brenda,Ramos,1999-09-21,Paralegal,8759,Ibshawāy,65 Esch Parkway,20-(467)534-2820
Tina,Fisher,1989-08-19,VP Marketing,3430,Beijie,1126 Holy Cross Point,86-(634)436-1659
Denise,Diaz,1987-02-06,Staff Accountant IV,9304,Galutu,04803 Sullivan Junction,86-(103)365-9281
Wanda,Johnson,1972-09-07,Senior Sales Associate,1879,San Lorenzo,251 Commercial Place,52-(536)306-4272
Victor,Garrett,1980-09-16,Editor,8947,Radès,213 Memorial Avenue,216-(259)813-2550
Antonio,Pierce,1987-05-14,GIS Technical Architect,1381,Bangkal,99 Main Junction,62-(897)408-7954
Harry,Woods,1999-11-18,Speech Pathologist,2628,Águas de Lindóia,3468 Goodland Point,55-(556)836-1045
Stephanie,Woods,1977-04-30,Librarian,6016,Outeiro,310 Stephen Road,351-(971)849-8722
Kathy,Ford,1999-05-10,Data Coordiator,9880,Birqīn,8182 Tennyson Place,970-(413)304-8261
Carol,Perez,1980-03-25,Electrical Engineer,8576,Vichy,26162 La Follette Junction,33-(371)427-1363
Ralph,Webb,1994-10-02,Data Coordiator,9023,Shatou,80 Wayridge Drive,86-(522)506-8947
Emily,Fernandez,1991-07-13,Director of Sales,2155,Ōme,786 Ohio Way,81-(545)847-5178
Rebecca,Collins,1972-06-28,Software Engineer IV,7753,Loma Bonita,81 Colorado Terrace,52-(798)725-1880
Juan,Gray,1972-10-10,Actuary,2054,Gabahan,23 3rd Alley,62-(935)881-5841
Chris,Andrews,1977-01-25,Quality Control Specialist,9065,Lahishyn,4 Pawling Circle,375-(647)754-3634
Ashley,Hunt,1991-11-27,Media Manager I,7874,Mae Ramat,669 Brown Road,66-(218)426-3710
Patrick,Carpenter,1982-09-16,VP Accounting,5796,Dinaig,54 Lakewood Gardens Road,63-(345)293-0309
Janice,Crawford,2001-01-16,Analyst Programmer,8614,Nguigmi,31 Sutherland Point,227-(684)143-0339
Ashley,Dean,2003-01-20,Geologist IV,9758,Malinovskiy,5 Dovetail Center,7-(583)751-2769
Henry,Knight,1990-02-20,Computer Systems Analyst I,1039,Fengyang,677 Goodland Point,86-(343)564-3201
Jack,Myers,1986-10-21,Sales Representative,9356,Jasienica Rosielna,357 Dwight Circle,48-(845)303-1185
Harold,Richardson,1988-08-25,Editor,4133,Tyresö,611 Novick Hill,46-(475)306-7736
Doris,Howard,1999-06-21,Librarian,2624,Huoqiu Chengguanzhen,03283 Schurz Terrace,86-(508)937-3415
Juan,Matthews,1999-09-28,Quality Control Specialist,4525,Taquara,05 Eagle Crest Alley,55-(902)861-6990
Joe,Palmer,1990-04-24,VP Marketing,6988,Srbica,9256 Mcbride Crossing,389-(262)845-5057
Carolyn,Nichols,1978-06-15,Director of Sales,2737,Moche,371 Elgar Plaza,51-(936)400-1205
Jerry,Russell,1982-10-19,Editor,2938,Kitami,07 Porter Court,81-(363)287-7660
Wayne,King,1991-03-25,Programmer Analyst I,7975,Tānsen,56 Becker Street,977-(513)952-4485
Arthur,Andrews,1971-11-12,Environmental Tech,9333,Yelenendorf,09 Gina Plaza,994-(312)365-8243
Anne,Howell,2001-02-07,Actuary,5397,Santo Amador,44 Veith Trail,351-(492)143-2910
Stephen,Austin,1983-04-05,Engineer I,8722,Ombul Barat,0 Truax Parkway,62-(495)330-1413
Adam,Freeman,1990-06-06,Business Systems Development Analyst,8620,Hodkovičky,04 Mallory Junction,420-(983)531-7367
Eric,Long,1987-11-12,Analog Circuit Design manager,6115,Nurota Shahri,23 Milwaukee Point,998-(281)490-1892
Heather,Ramos,1985-03-30,Community Outreach Specialist,5515,Carnot,67954 Manufacturers Pass,236-(232)766-9193
Karen,Garrett,2002-09-16,Assistant Media Planner,2869,Buguruslan,5 Commercial Trail,7-(920)436-4308
Rose,Sullivan,1993-08-12,GIS Technical Architect,5406,Xiyang,090 Buhler Trail,86-(883)510-8177
Judith,Price,1975-01-22,General Manager,6955,Adela,343 Dayton Way,63-(881)353-6903
Christine,Anderson,1986-05-16,Senior Financial Analyst,9917,Nao,3 Drewry Point,62-(410)292-1811
Kathleen,Cox,1975-12-25,Web Designer II,8775,Lugu,6539 Commercial Alley,86-(819)675-8226
Virginia,Price,1976-04-24,Chief Design Engineer,8258,Kutao,1 Londonderry Road,86-(791)825-1362
Amy,Gibson,1975-10-04,Data Coordiator,1706,Hobo,26837 Bonner Parkway,57-(384)374-9088
Karen,Ford,1982-09-19,Junior Executive,6061,Khlong Khuean,31083 Sugar Plaza,66-(486)736-2551
Paula,Dunn,1995-02-25,Actuary,2291,Bulianhe,76971 Northridge Junction,86-(637)839-5816
Wayne,Diaz,1984-01-30,Analog Circuit Design manager,5848,Barra Bonita,6886 Ronald Regan Street,55-(293)604-8352
Ashley,Lawrence,1983-06-06,Senior Editor,3695,Toledo,0 Coleman Trail,1-(419)706-7812
Heather,Bailey,2002-12-06,Biostatistician IV,5451,Weixin,556 West Park,86-(812)559-1900
Judith,Ward,1978-06-06,Mechanical Systems Engineer,1778,Danderyd,63820 Bayside Avenue,46-(334)244-6600
Joan,Porter,1981-02-25,Administrative Officer,5120,Vihāri,1 Dwight Pass,92-(737)724-9944
Maria,Roberts,1992-03-27,Engineer I,3732,Strazhitsa,098 Grayhawk Avenue,359-(599)945-1644
Shawn,Stone,1972-02-15,Quality Control Specialist,4328,Tilamuta,2985 Kropf Terrace,62-(451)895-6970
Ralph,Murray,1992-03-05,GIS Technical Architect,6328,Pau,796 American Avenue,33-(567)397-4705
Ashley,Hicks,1999-04-08,Web Designer III,9641,Jacutinga,648 Truax Parkway,55-(675)735-7773
Adam,Bowman,1989-08-27,Internal Auditor,8908,San Pablo,80 Badeau Trail,63-(390)550-2573
Russell,Ruiz,1972-05-24,Mechanical Systems Engineer,9497,Alegria,9594 South Crossing,63-(978)720-1859
Susan,Johnson,1979-03-15,Librarian,6795,Tabonoc,22866 Di Loreto Plaza,63-(282)788-3923
Matthew,Simmons,1987-08-22,GIS Technical Architect,8336,Pengjia Zhaizi,90 Gulseth Junction,86-(783)781-1788
Ernest,Moore,1982-10-21,Research Assistant II,3620,Manzherok,1 Holmberg Circle,7-(118)964-2816
Lois,Tucker,1976-07-11,Nurse Practicioner,8303,Maxixe,07201 Jackson Crossing,258-(585)535-1997
William,Richards,1994-07-11,Office Assistant II,6879,Hengfeng,06127 Duke Trail,86-(698)143-8740
Philip,Willis,1993-01-23,Tax Accountant,3829,Tarrafal,7 Bellgrove Road,238-(706)863-5938
Alice,Russell,1992-11-03,Account Coordinator,7662,Lac-Brome,5861 Sachtjen Avenue,1-(826)276-2751
Andrea,Elliott,1972-06-20,General Manager,5134,Magangué,0 Duke Avenue,57-(662)174-1415
Carlos,Knight,1991-02-25,Structural Engineer,4962,Novovarshavka,97 Arrowood Trail,7-(373)744-2024
Thomas,Simmons,1979-07-31,Occupational Therapist,4155,Bantawora,27 Annamark Hill,62-(683)781-3303
Martin,Clark,1995-12-08,Automation Specialist III,6290,Donghe,29801 Clarendon Way,86-(515)679-4225
Billy,Knight,2003-07-24,Programmer III,4394,Sulahan,3841 Erie Plaza,62-(941)727-8804
Lillian,Clark,1978-08-17,Community Outreach Specialist,3253,Sokyryany,362 Maple Wood Court,380-(812)677-4916
Ryan,Burton,1999-01-27,Marketing Assistant,1697,San Luis,3488 Melrose Drive,52-(361)639-0520
Jean,Lee,1983-03-03,Librarian,6827,Şafāshahr,2 Spenser Place,98-(492)423-9585
Joseph,Gonzalez,1972-01-31,Registered Nurse,7040,Lanpelan,40 Fuller Parkway,62-(609)333-4968
Joe,Day,1990-02-20,Staff Scientist,4678,Fuzhai,95075 Roxbury Lane,86-(155)994-3301
Jason,Green,1989-11-06,Biostatistician II,4453,Foxrock,7 Talmadge Street,353-(929)731-0846
Christina,Hudson,1977-04-25,General Manager,4243,Itarana,3802 Rowland Hill,55-(282)568-1744
Henry,Rogers,1993-04-12,Project Manager,8689,Gävle,60 School Plaza,46-(629)381-5363
Cynthia,Ferguson,1993-06-03,Analog Circuit Design manager,5369,Nürnberg,9507 Linden Center,49-(812)307-8448
Christine,Ferguson,1997-08-27,Structural Engineer,7229,Shijiazhuang,55672 Packers Road,86-(469)924-9631
Earl,Davis,1981-01-28,Registered Nurse,9416,Kano,12675 1st Place,234-(348)369-9619
Jacqueline,Greene,2001-07-18,Developer II,6944,Nezhinka,4 Bashford Place,7-(164)344-2635
Ashley,Kim,1976-07-20,Office Assistant III,8451,Maubin,27812 Darwin Avenue,95-(360)637-4952
Judy,Anderson,1998-02-03,Staff Scientist,8302,Lille,1 Bellgrove Court,33-(153)534-8569
Steven,Snyder,1986-12-20,VP Quality Control,6462,Swan Hills,48366 Doe Crossing Lane,1-(756)306-0134
Carol,Larson,1981-11-29,Senior Editor,8488,Daji,35143 Vermont Court,86-(911)181-3889
Tammy,Pierce,1997-07-21,Software Test Engineer I,6651,Kapuan,41422 Dovetail Alley,62-(212)473-0483
Terry,Burns,1988-09-06,Administrative Assistant III,6280,Monastir,67916 Bonner Drive,216-(981)896-1957
Kathy,Mitchell,1998-12-28,Nuclear Power Engineer,5439,Mafa,2 Knutson Parkway,234-(652)393-2059
Bobby,Diaz,1999-03-26,Structural Engineer,6311,Yupiltepeque,4114 Maryland Junction,502-(282)136-9864
Russell,Flores,1991-07-03,Research Associate,6207,Vólos,623 Northview Terrace,30-(426)694-6364
Victor,Snyder,1975-03-20,General Manager,2626,Padangbai,14 Manufacturers Center,62-(488)486-1003
Harry,Tucker,1989-12-11,Senior Quality Engineer,1895,Piekielnik,92545 Killdeer Court,48-(727)557-1596
Sara,Romero,1992-05-19,Environmental Tech,5431,Paris 19,11427 Glacier Hill Street,33-(644)655-2977
Douglas,Hernandez,1982-11-10,Geologist II,3710,Zwolle,062 Caliangt Court,31-(780)610-9658
Martin,Rice,1994-04-28,Food Chemist,3344,Goulmima,74870 Manitowish Center,212-(463)597-3463
Ernest,Bell,1978-12-11,Paralegal,7236,Nakamura,4 Waxwing Point,81-(366)879-9932
Raymond,Baker,1998-02-12,Senior Quality Engineer,2026,Knivsta,4125 Charing Cross Street,46-(403)692-9947
Joyce,Webb,1993-06-21,Senior Financial Analyst,8057,Huangdu,96 Butternut Park,86-(383)137-2352
Barbara,Bennett,1971-11-09,Civil Engineer,1374,Xagqu,04872 Logan Avenue,86-(833)961-2564
Harry,Campbell,1981-07-24,Automation Specialist II,8001,Diaopu,9441 Dottie Court,86-(977)633-6039
Sarah,Watkins,2000-09-10,Administrative Assistant II,4304,Baras,5081 Mandrake Point,63-(384)549-8158
Aaron,Murphy,1986-08-22,Technical Writer,8141,Pulaukijang,17 Duke Street,62-(861)373-8321
Beverly,Peters,1978-04-04,Research Assistant III,5630,Krzykosy,3 Melrose Crossing,48-(295)735-4731
Heather,Perkins,1990-11-18,Administrative Assistant I,1883,Gävle,6 Debra Trail,46-(878)582-5033
Gregory,Burke,1990-02-26,Analog Circuit Design manager,2055,Senangkhanikhom,28 Leroy Center,66-(840)623-8842
Amanda,Woods,1998-03-18,Associate Professor,5114,Sacramento,94 Springview Court,1-(916)651-5053
Todd,Dean,1993-05-22,Help Desk Technician,4038,Liji,958 Moulton Lane,86-(662)628-8582
Louis,Ortiz,1989-02-03,Biostatistician III,6635,Willowdale,94180 Carey Crossing,1-(914)941-5850
Kevin,Brooks,1992-10-15,Teacher,4542,Anápolis,0 Maple Terrace,55-(625)509-4605
Joe,Stanley,1994-12-10,VP Product Management,9746,Masina,3477 Lakewood Gardens Pass,242-(639)253-1730
Beverly,Sims,1995-04-17,Professor,9361,Krajan Dua Patempuran,4723 John Wall Avenue,62-(440)102-1353
Carl,Berry,2000-03-01,Chemical Engineer,5057,Kokopo,2 Londonderry Point,675-(434)228-4535
David,Castillo,1983-04-10,Clinical Specialist,6041,Aravissós,220 Green Hill,30-(533)545-8219
Eugene,Hart,1993-04-16,Registered Nurse,7991,Komyshuvakha,79995 Linden Circle,380-(746)141-2670
Larry,Sims,1975-01-31,Health Coach IV,7054,Haixing,38154 Roth Circle,86-(235)549-0703
Paul,Boyd,1998-03-08,Structural Analysis Engineer,5468,Pichilemu,5971 Muir Way,56-(646)264-6484
Shawn,Jenkins,1979-03-11,Paralegal,4862,Uzhhorod,1772 Myrtle Hill,380-(692)582-0382
Billy,Holmes,1995-08-25,Actuary,8392,Beicheng,72 Thackeray Lane,86-(907)890-7165
Nicole,Shaw,1991-01-03,Paralegal,1546,Narva-Jõesuu,658 Aberg Drive,372-(685)124-2073
John,Mendoza,1976-05-09,Tax Accountant,4668,Rebrikha,4756 Warbler Road,7-(805)214-3876
Patrick,Hill,2000-02-06,Staff Scientist,4859,Pigcawayan,8534 Luster Place,63-(107)875-0782
Irene,Gordon,1980-03-19,Dental Hygienist,9256,San Javier,41 Acker Junction,54-(671)130-1425
Mary,Lane,1996-08-27,Legal Assistant,5516,Balaka,5152 Schiller Hill,265-(719)129-2682
Amy,Stephens,1974-01-15,Graphic Designer,1069,Quebradas,052 Hoffman Junction,504-(517)635-8305
Norma,Cox,1995-10-12,Legal Assistant,6410,Ercheng,28143 High Crossing Point,86-(222)284-3087
Keith,Ferguson,1975-05-10,Automation Specialist III,9293,Cerenti,47541 Kenwood Crossing,62-(782)631-6093
Angela,Romero,1974-12-22,Research Nurse,6503,Vilca,865 Thompson Point,51-(114)846-2788
Keith,Perry,1994-04-05,Human Resources Manager,8384,Kalianyar Selatan,6220 Dorton Street,62-(934)476-1732
Todd,Martin,1984-10-20,Food Chemist,1698,Gandusari,34985 Melby Junction,62-(540)742-3534
Joseph,Jones,1992-05-14,Research Assistant IV,8285,Libu,355 David Park,86-(991)814-9542
Heather,Henry,1973-11-04,Accountant I,4850,Chãos,86 Shelley Center,351-(357)213-0791
Jimmy,Bryant,1976-08-04,Product Engineer,1613,Yunxi,8542 Sundown Crossing,86-(909)305-7018
Johnny,Oliver,1971-05-16,Biostatistician I,3998,Villazón,4803 Oak Junction,591-(467)551-3852
Janice,Perkins,1996-04-08,Geological Engineer,4291,Rakek,81994 Lake View Circle,386-(646)241-8503
Clarence,Rivera,1980-09-22,Geologist III,6760,San José de Comayagua,740 Mandrake Street,504-(912)320-0321
Kelly,Cooper,2003-02-02,Civil Engineer,3285,Vuokatti,91 Alpine Street,358-(478)397-4368
Carol,Olson,1981-04-11,Research Assistant IV,3669,Novozybkov,2 Harper Place,7-(341)304-8138
Mary,Richards,1982-02-01,Structural Analysis Engineer,6755,Uji,66 Forest Avenue,81-(589)100-7276
Paula,Richardson,1971-06-27,Senior Cost Accountant,1585,Sidomulyo,9 Michigan Alley,62-(145)723-6616
Willie,Edwards,1998-10-09,Research Assistant II,9336,Hongqi,27106 Toban Way,86-(627)899-1263
Jessica,Garza,1985-03-23,Product Engineer,7356,Valence,169 Jay Hill,33-(352)179-1067
Evelyn,Collins,1994-07-24,Business Systems Development Analyst,7803,Wakuya,15849 Arapahoe Park,81-(247)790-3095
Paula,Payne,1996-03-03,Librarian,4780,Bestovje,44659 Sommers Place,385-(407)212-4418
Wayne,Myers,1990-07-30,Registered Nurse,5970,Congonhas,7220 Lillian Park,55-(403)523-1038
Gary,Hansen,1983-06-17,Account Coordinator,3701,Governador Valadares,34434 Darwin Parkway,55-(182)591-9201
Beverly,Lawrence,1994-02-02,Junior Executive,6910,Inanwatan,189 Stone Corner Avenue,62-(124)944-9642
Margaret,Turner,1998-12-11,Engineer III,1202,San Bartolomé Milpas Altas,851 Sugar Parkway,502-(739)489-1492
Terry,Morrison,1985-08-16,GIS Technical Architect,7498,Shizuishan,52 Hanson Park,86-(495)796-1341
Louis,Butler,2001-02-01,Physical Therapy Assistant,8845,Kuźnia Raciborska,976 Manitowish Plaza,48-(116)278-4029
Denise,Hanson,2002-06-12,Senior Quality Engineer,9448,Buenaventura,41635 Farmco Alley,57-(845)700-3623
Matthew,Flores,1973-12-05,Teacher,6950,Karang Kulon,168 Lunder Hill,62-(205)547-7099
Lawrence,Turner,1985-12-02,Systems Administrator II,6799,Morioka-shi,9822 Farragut Crossing,81-(846)846-8423
Phyllis,Oliver,1997-08-04,Safety Technician II,3128,Barreira,3 Ilene Lane,351-(306)606-3727
Henry,Dunn,1995-05-26,Account Coordinator,8014,Al Qanāţir al Khayrīyah,46 Cambridge Crossing,20-(115)571-9209
John,Reed,1971-03-30,Dental Hygienist,6053,Krajan Dua Sumbersari,3 Michigan Street,62-(794)369-5075
Dennis,Armstrong,1983-06-25,Sales Representative,4025,Xiashihao,26 Grover Plaza,86-(973)681-1125
Johnny,Fields,1973-09-27,Tax Accountant,7684,Landskrona,7 Maywood Alley,46-(978)482-8034
Kathy,Arnold,1976-12-02,Professor,8889,Seteluk Tengah,9 Towne Street,62-(780)400-9289
Pamela,Miller,1972-06-05,Structural Analysis Engineer,4535,Palmira,650 Kings Court,507-(809)802-2544
Jean,Chavez,1985-02-18,Librarian,6620,Lubukgadang,50 Dunning Junction,62-(604)513-0051
Jean,Ramos,1987-05-04,Programmer III,6364,Bungu,801 Dottie Park,255-(759)115-7652
Albert,Henry,1992-01-12,Office Assistant III,2957,København,97 Pierstorff Pass,45-(696)557-6309
Donna,Willis,1972-06-20,Human Resources Manager,4515,Salaverry,398 Village Lane,51-(861)536-9985
Wanda,Mills,1978-07-30,VP Accounting,9561,Macheke,4434 Moulton Park,263-(296)370-4192
George,Day,1999-11-09,Speech Pathologist,7276,Donggong,0956 Shopko Street,86-(577)936-4462
Kenneth,Hernandez,1990-10-12,Desktop Support Technician,6648,Fulu,0606 Lyons Crossing,86-(474)864-8895
Chris,Hawkins,1972-04-07,VP Sales,1252,Trubchevsk,44 Shelley Avenue,7-(316)540-6394
Daniel,Evans,1979-05-06,Chief Design Engineer,9796,Hobo,3 Burrows Junction,57-(868)575-8301
Barbara,Grant,2002-06-07,Financial Analyst,8658,Hushaat,88 Fallview Parkway,976-(241)731-8523
Janice,Simpson,1993-07-23,Physical Therapy Assistant,2083,La Unión,01 Bultman Trail,57-(347)603-0194
Larry,Morales,1990-08-31,Senior Developer,2375,Sentani,72038 Westend Trail,62-(418)323-0024
Susan,Meyer,1995-07-03,Structural Engineer,1691,Kokas,6104 Ridgeway Center,62-(996)937-4551
Lawrence,Henderson,2002-02-06,Administrative Officer,8011,Fanrong,69392 Daystar Circle,86-(179)454-4631
Sara,Alvarez,1975-05-21,Chief Design Engineer,3840,Komorniki,30786 Vermont Terrace,48-(154)900-4967
Susan,Andrews,1977-10-11,Recruiter,2948,Belén,26068 Rusk Plaza,595-(124)188-3159
Rachel,Sanchez,1974-03-22,VP Quality Control,1771,Zaraza,46193 Westridge Place,58-(879)354-6239
Earl,Bishop,1973-06-03,Quality Control Specialist,7380,San Martín Zapotitlán,796 Crowley Terrace,502-(243)581-9237
Julie,Bowman,2000-03-07,Associate Professor,5952,Béré,70927 Hollow Ridge Pass,235-(358)901-3965
Paul,Sanchez,1999-04-05,Data Coordiator,6376,El Rancho,07319 Sunnyside Drive,504-(529)821-9959
Evelyn,Collins,1994-07-24,Business Systems Development Analyst,7803,Wakuya,15849 Arapahoe Park,81-(247)790-3095
Paula,Payne,1996-03-03,Librarian,4780,Bestovje,44659 Sommers Place,385-(407)212-4418
Dorothy,Reid,1997-02-03,Software Consultant,5041,Osieczany,45 Oxford Court,48-(305)616-0181
Bobby,Wilson,2002-09-28,Structural Analysis Engineer,4781,Kasoa,7614 Heffernan Crossing,233-(181)106-0153
Katherine,Moore,1987-01-19,Junior Executive,1635,Inderka,80736 Crescent Oaks Point,7-(651)825-5896
Cynthia,King,1973-04-26,Budget/Accounting Analyst II,5392,Shanglian,2 Buhler Park,86-(194)113-9788
Beverly,Lawrence,1994-02-02,Junior Executive,6910,Inanwatan,189 Stone Corner Avenue,62-(124)944-9642
Howard,Olson,1983-09-18,Senior Quality Engineer,4620,Tagana-an,6557 Walton Junction,63-(249)513-7406
Judith,Gonzales,1978-07-08,Cost Accountant,3214,Darkovice,1 Thierer Avenue,420-(427)340-8970
Elizabeth,Sanders,1985-10-24,Sales Representative,1464,Beau Vallon,500 Bluestem Terrace,248-(847)124-2246
Andrea,Medina,1989-02-15,General Manager,3465,Yuwan,1 Dorton Junction,86-(468)708-9439
Louise,Elliott,1980-01-18,Executive Secretary,2644,Huohua,24414 Valley Edge Drive,86-(464)519-5683
Mark,Bowman,2003-10-23,Mechanical Systems Engineer,7686,Kalilu,365 Canary Alley,62-(366)377-4800
Randy,Marshall,1976-10-16,General Manager,9172,Diaowei,7 Michigan Hill,86-(972)920-0997
Jeremy,Cole,1993-11-16,Budget/Accounting Analyst I,8622,Jasper Park Lodge,68 Kennedy Plaza,1-(308)679-2937
Janet,Lee,1984-04-22,Structural Analysis Engineer,7919,Shuangzhu,16 Miller Crossing,86-(483)392-0717
Ruth,Dunn,1987-11-04,Research Associate,6929,A dos Negros,75866 Northview Junction,351-(876)596-5805
Gloria,Hanson,1976-11-08,Pharmacist,6945,Shaba,033 Killdeer Junction,86-(624)682-3873
Sharon,Price,1997-02-10,Senior Financial Analyst,4105,Ḩalāwah,24636 Novick Drive,962-(943)287-1757
Howard,Freeman,1993-03-09,Payment Adjustment Coordinator,3361,Shreveport,80619 Esker Street,1-(318)957-0444
Irene,Mills,1993-09-11,Nurse,5051,Cikijing,628 Golf Alley,62-(620)851-3616
Billy,Walker,1980-05-19,Health Coach I,6692,Lazaro Cardenas,50837 Fulton Place,52-(533)988-4943
Paul,Carter,1983-01-17,Software Engineer III,9028,Köneürgench,1 Schlimgen Lane,993-(953)434-4874
Pamela,Russell,1988-03-21,Internal Auditor,7537,Krajan Tengah,1902 Anzinger Way,62-(633)704-5144
Walter,Harper,1999-06-21,Payment Adjustment Coordinator,9642,Yingwusitang,5 Manley Way,86-(471)801-4258
Louise,Elliott,1980-01-18,Executive Secretary,2644,Huohua,24414 Valley Edge Drive,86-(464)519-5683
Tammy,Fisher,1972-06-09,Electrical Engineer,4567,Kumanovo,66433 Cottonwood Avenue,389-(731)372-9020
Evelyn,Collins,1994-07-24,Business Systems Development Analyst,7803,Wakuya,15849 Arapahoe Park,81-(247)790-3095
Alan,King,1991-08-12,Occupational Therapist,9616,Jorong Lauk,4936 Longview Circle,62-(961)647-8836
Eric,Rodriguez,1991-12-03,Internal Auditor,9439,Palaió Fáliro,08 Northridge Hill,30-(613)811-7664
Louise,Martinez,1981-01-15,Senior Developer,1204,Fuyo,5 Raven Crossing,82-(477)896-9245
Andrea,Jones,1978-01-09,Physical Therapy Assistant,9591,Comrat,06310 Reindahl Point,373-(518)856-0576
Carl,Taylor,1997-08-13,Information Systems Manager,9819,Huanghua,31 Parkside Pass,86-(620)951-7971
Russell,Crawford,1991-07-20,VP Product Management,1375,Kikerino,6 Lakeland Pass,7-(834)240-1607
Anna,Washington,1980-02-09,Operator,5639,Xilin,508 Norway Maple Avenue,86-(988)863-5924
Judith,Bailey,1974-09-14,Business Systems Development Analyst,6923,Luhansk,448 Forest Dale Street,380-(994)748-5152
Justin,Campbell,1985-03-02,Developer II,3318,Stoszowice,6743 Delladonna Center,48-(728)289-4909
Barbara,Burke,1974-07-04,Information Systems Manager,3098,Synevyr,365 Lakewood Gardens Parkway,380-(664)261-5534
Andrea,Medina,1989-02-15,General Manager,3465,Yuwan,1 Dorton Junction,86-(468)708-9439
Edward,Howard,1995-06-16,Structural Engineer,2808,Qianjiang,07 Reindahl Parkway,86-(783)687-3983
Kevin,Butler,1986-01-06,Software Consultant,3699,Miskolc,4 Beilfuss Circle,36-(489)877-8059
Walter,Powell,1976-07-31,Research Nurse,9796,Fangqiang,5610 Montana Way,86-(884)583-1332
Russell,Porter,1975-04-06,Mechanical Systems Engineer,2666,Morong,650 Oriole Point,63-(636)624-0088
Eric,Lewis,1998-05-10,Information Systems Manager,5510,Entradas,683 Waywood Hill,351-(955)684-9993
Willie,Willis,1995-08-27,Product Engineer,8139,Grivenskaya,6 Rockefeller Junction,7-(915)907-5789
Diane,Barnes,1972-12-15,Product Engineer,5169,San Andres,544 Monterey Parkway,63-(680)762-4320
Judy,Gonzales,1977-09-02,Research Assistant IV,5184,Ganzhou,350 Forster Terrace,86-(702)380-3506
Ralph,Howell,1971-03-30,Director of Sales,9581,Pančevo,5 Lindbergh Park,381-(181)636-4266
Wayne,Larson,1987-10-05,Structural Engineer,9337,Skillingaryd,71 Carberry Parkway,46-(682)723-0996
Bonnie,Harrison,2000-01-11,Web Designer II,4743,Kisarawe,34 Pierstorff Parkway,255-(798)610-1191
James,Burns,1972-01-01,Health Coach II,1872,Novyye Gorki,54715 Hallows Center,7-(882)125-9831
Julie,Wheeler,1978-01-12,Physical Therapy Assistant,1341,Zakupne,520 Rowland Lane,380-(539)882-9640
William,Fernandez,1991-05-06,Mechanical Systems Engineer,3553,Zhongbao,70320 Esch Street,86-(750)645-2046
Lois,Roberts,2001-04-02,Junior Executive,1017,El Bolsón,8 Corry Lane,54-(417)878-4697
Katherine,Frazier,1978-12-16,Web Designer II,3733,Baabda,56759 Russell Street,961-(821)735-3036
Walter,Harper,1999-06-21,Payment Adjustment Coordinator,9642,Yingwusitang,5 Manley Way,86-(471)801-4258
Paula,Reynolds,1971-07-14,Computer Systems Analyst IV,1117,Savonlinna,876 Fair Oaks Plaza,358-(206)851-9099
Wanda,Stewart,2000-02-05,Staff Scientist,9339,Wysoka,69 Park Meadow Lane,48-(487)222-3464
Sarah,Payne,1997-04-17,Analyst Programmer,9083,Lianhe,7263 Shoshone Parkway,86-(912)500-4023
Frank,Romero,1998-01-14,Administrative Assistant I,2203,Áthyra,2 Holmberg Drive,30-(579)608-8517
Phillip,Henry,1999-11-26,VP Sales,1496,Balazar,2973 Del Mar Junction,351-(285)341-1144
Russell,Ray,1981-08-01,Tax Accountant,4986,Annopol,5 Graedel Avenue,48-(626)386-0016
Carl,Moore,1985-08-03,Pharmacist,2179,Gerelayang,0436 Milwaukee Street,62-(359)725-2946
Matthew,Carroll,1994-09-15,Payment Adjustment Coordinator,1149,Taung,15 Fallview Court,27-(126)134-5473
Helen,Taylor,1988-12-29,Recruiting Manager,8016,Sijing,34025 Mcguire Center,86-(777)159-8843
Lisa,Mitchell,1989-04-19,Account Coordinator,3585,Bessonovka,894 Mallard Road,7-(122)930-0967
Rachel,Schmidt,1979-09-25,Budget/Accounting Analyst II,7957,Suncun,8 Trailsway Place,86-(385)762-1421
Ruth,Gonzalez,1971-01-16,Analog Circuit Design manager,7380,Balazar,43811 Ridgeway Lane,351-(104)444-6929
Susan,Gonzales,1984-09-28,Database Administrator III,8484,Frösön,00390 John Wall Pass,46-(917)666-2465
Jane,Little,1994-04-19,Nuclear Power Engineer,3239,Shuangfeng,038 Grayhawk Junction,86-(319)788-1222
Cynthia,Kelly,1999-12-23,Legal Assistant,2135,Khanino,512 Jackson Road,7-(404)419-2728
Raymond,West,1971-08-12,Biostatistician I,1102,Nogueira,32069 Holy Cross Way,351-(564)665-5526
Fred,Peters,1999-04-26,Design Engineer,9763,Los Dos Caminos,3 Chinook Court,58-(591)454-1311
Elizabeth,Willis,1996-10-05,Electrical Engineer,9613,Chantepie,52 Summit Point,33-(819)320-1270
Charles,Edwards,1986-09-15,Environmental Specialist,7481,Recarei,72 Corben Junction,351-(350)509-6240
Virginia,Hamilton,1975-05-05,Clinical Specialist,8469,Wyszki,4 Vahlen Way,48-(347)626-5555
Jerry,Mason,1974-12-18,Media Manager III,4049,Jamban,65 Luster Circle,62-(369)451-8647
Annie,Green,2002-04-14,Research Nurse,1021,Guimbal,7975 Starling Alley,63-(198)757-4157
Denise,Mccoy,1994-12-18,Operator,2888,Augsburg,9 Hintze Alley,49-(439)695-0355
Eugene,Daniels,1980-04-20,Editor,6944,Redon,42934 Pierstorff Alley,33-(369)235-0943
Judith,Wells,1995-07-08,Librarian,6968,Jinglou,7 Redwing Park,86-(737)809-9347
Charles,Carroll,1981-10-01,Desktop Support Technician,7020,Sydney,7 Erie Avenue,61-(431)986-1478
Ann,Ferguson,1998-09-08,Developer II,6460,Boljevci,1 Granby Way,381-(246)763-5559
Annie,Armstrong,1981-08-19,Food Chemist,3895,Novyy,11 Barby Terrace,7-(906)369-1960
Lois,Roberts,2001-04-02,Junior Executive,1017,El Bolsón,8 Corry Lane,54-(417)878-4697
Sean,Washington,1990-11-06,Analog Circuit Design manager,6594,Yujiao,91 Mallory Alley,86-(848)594-6946
Sara,Cook,1993-03-04,Help Desk Operator,7401,Pawonków,57 Brickson Park Parkway,48-(896)342-6734
Alan,Kelly,2002-09-02,Social Worker,7571,Nijmegen,192 Amoth Point,31-(418)684-8747
Robin,Weaver,1990-06-18,Research Assistant II,2706,Hampang,3 Sugar Court,62-(697)371-5886
Harry,Chapman,1991-04-13,Librarian,4072,Sanli,91084 Armistice Park,86-(717)218-0248
Charles,Edwards,1986-09-15,Environmental Specialist,7481,Recarei,72 Corben Junction,351-(350)509-6240
Angela,Kennedy,1988-02-15,Account Representative II,5110,Budrus,3027 Center Lane,970-(557)534-5998
Janet,Bell,1996-06-08,Recruiting Manager,3704,Bantarsari Kulon,4 Burrows Street,62-(267)193-1691
Jeffrey,Harvey,1985-11-25,Assistant Manager,6435,Borgholm,6900 Lakewood Plaza,46-(317)115-7940
Pamela,Miller,1985-12-03,Help Desk Technician,5811,Narita,65627 Macpherson Road,81-(853)838-6391
Angela,Perkins,2002-03-17,VP Sales,1423,Piquete,06 Rusk Crossing,55-(297)285-8676
Billy,Anderson,1981-02-10,Developer IV,2886,Sucre,73278 Lakewood Gardens Point,593-(177)206-9274
Maria,Elliott,1994-01-08,Professor,9713,Oemofa,97191 Mosinee Drive,62-(452)486-6795
Gloria,Stewart,1984-08-24,Design Engineer,4015,Zhaocun,05 Sage Court,86-(504)436-6310
Joyce,Garrett,1987-08-09,Tax Accountant,7857,Dongzaogang,222 Crest Line Alley,86-(233)427-1614
Ryan,Thompson,1984-01-11,Help Desk Operator,9441,Kristinestad,3755 Little Fleur Way,358-(232)349-9174
Robin,Cox,2000-05-09,Marketing Manager,5981,Basqal,11 Longview Way,994-(637)357-6233
Christina,Snyder,1990-06-25,Quality Control Specialist,3089,Dmitrov,3174 Prairieview Avenue,7-(571)196-6443
Debra,Hamilton,1983-09-05,Compensation Analyst,1700,Bilozerka,23059 Lakeland Road,380-(912)344-7516
Martha,Long,2002-03-25,Media Manager IV,6862,Teodoro Sampaio,5284 Sycamore Alley,55-(840)292-5279
Lisa,Reid,1975-07-10,Automation Specialist IV,5316,Río Tercero,60424 Center Court,54-(668)715-6488
Ann,Williams,1974-09-13,Actuary,8697,Vinica,24605 Pankratz Junction,385-(793)814-6471
Virginia,Hamilton,1975-05-05,Clinical Specialist,8469,Wyszki,4 Vahlen Way,48-(347)626-5555
Kevin,Shaw,1982-04-06,Engineer IV,8750,Qishn,997 Mitchell Alley,967-(284)564-6003
Annie,Ellis,2001-06-14,Biostatistician II,5266,Nanhu,8 Stang Point,86-(536)830-4487
Karen,Richardson,2001-05-24,Data Coordiator,5043,Sokolniki,91 Bonner Court,48-(362)486-7001
Beverly,Hansen,1993-02-19,Software Consultant,9793,Buenavista,634 Evergreen Pass,63-(504)841-8247
Martha,Patterson,1974-11-04,Business Systems Development Analyst,6320,Binalonan,53585 Logan Pass,63-(414)575-5544
Mark,Little,2003-09-16,Health Coach II,3084,Markaz Bilād aţ Ţa‘ām,3110 Hauk Place,967-(122)133-5810
Martha,Cooper,1986-05-21,Staff Scientist,6630,Santa María Chiquimula,52 Morrow Circle,502-(354)943-2451
Donna,Robinson,2003-01-14,Senior Sales Associate,7969,Tumcon Ilawod,80 Haas Way,63-(764)151-9803
Janet,Bell,1996-06-08,Recruiting Manager,3704,Bantarsari Kulon,4 Burrows Street,62-(267)193-1691
Nicholas,Willis,1983-04-05,Automation Specialist I,5761,Xiawa,34 Toban Street,86-(876)570-0792
Christopher,Dean,1996-02-12,Automation Specialist IV,5486,Araras,997 Center Junction,55-(438)349-3849
Ashley,Jordan,1979-07-15,Quality Control Specialist,9323,Ban Bang Kadi Pathum Thani,5149 Susan Junction,66-(870)338-5726
Phillip,Williams,1983-02-04,Compensation Analyst,9398,Palecenan,30656 Annamark Hill,62-(840)278-6517
Debra,Hicks,1999-03-26,Administrative Officer,1387,Daixi,2 Fairfield Drive,86-(176)721-9220
Barbara,Kim,1989-10-29,Project Manager,5971,Przyborów,96 Nancy Terrace,48-(601)525-9034
Aaron,Arnold,1984-09-16,Accountant IV,6353,Falun,3 Hazelcrest Junction,46-(888)512-6316
Sandra,Boyd,1971-09-01,Librarian,7024,Alīgūdarz,5315 Ohio Point,98-(332)795-4368
Martha,Ward,1991-01-21,Software Test Engineer II,9913,Mandera,4360 Superior Place,254-(751)853-2102
Debra,Stanley,1977-11-20,Nurse Practicioner,7856,Yelizavetinskaya,8104 Loeprich Place,7-(970)534-4065
Donald,Duncan,1981-03-10,Chief Design Engineer,9231,Zhangfeng,0 Caliangt Hill,86-(357)752-6235
Ann,Berry,1973-02-26,Food Chemist,1779,Kuroda,6018 Longview Hill,81-(659)338-1699
Joan,Jordan,2003-06-16,Biostatistician I,5577,Malikisi,6 Charing Cross Crossing,254-(848)166-3721
Pamela,Robertson,1987-01-12,Recruiting Manager,6419,Palmira,66729 Montana Center,57-(214)200-6171
Mark,Reed,1977-07-04,Business Systems Development Analyst,2136,Novais,4025 Brickson Park Lane,351-(135)377-7011
Jane,Ramirez,1998-05-21,Research Associate,2115,Luokeng,0 Spohn Hill,86-(919)756-1706
Diana,Robinson,1976-05-22,Editor,9025,Räpina,91 Bellgrove Alley,372-(595)357-5493
Emily,Phillips,2000-04-01,Administrative Assistant II,7591,Klemunan,26966 Burning Wood Alley,62-(256)941-2451
Gary,Fowler,1986-10-06,VP Accounting,8613,Guay,864 Waywood Point,62-(682)485-1883
Maria,Elliott,1994-01-08,Professor,9713,Oemofa,97191 Mosinee Drive,62-(452)486-6795
Irene,Banks,1985-07-20,Internal Auditor,4883,Uva,89004 Oriole Parkway,7-(446)975-5881
Judy,Sanchez,1977-04-21,Pharmacist,7835,Lachowice,47 Corben Trail,48-(933)257-7639
Bonnie,Wheeler,1977-11-11,Software Engineer III,8322,Yamaranguila,40844 Mayfield Way,504-(868)251-2503
Lillian,Hernandez,1996-03-29,Director of Sales,3301,Makurazaki,61 Havey Junction,81-(492)411-6105
Norma,Howell,1982-03-20,Web Designer II,1950,Fangfan,99 Talisman Point,86-(317)284-3490
Frank,Hansen,1979-02-16,Quality Engineer,7151,Mangero,113 Eggendart Pass,63-(882)212-6005
Russell,Carroll,1994-08-13,Director of Sales,8404,Jiehu,5 Knutson Parkway,86-(388)407-4287
Julie,Reed,1972-11-24,Accounting Assistant IV,4500,Pécs,115 Melby Alley,36-(529)410-9634
Patrick,Rodriguez,1975-08-23,Electrical Engineer,5327,Monte da Chaminé,0196 Dexter Crossing,351-(536)861-7414
Julia,Perry,2000-02-19,Senior Financial Analyst,6782,Qorashina,37342 Sunbrook Pass,998-(119)950-6198
Jeffrey,Fox,1978-02-14,Legal Assistant,3708,Tanalt,5015 Armistice Circle,212-(753)814-4401
Lawrence,Hunt,1978-03-10,Research Assistant IV,8874,Esquipulas Palo Gordo,36 Luster Junction,502-(471)169-3560
Fred,Dunn,1992-10-11,Cost Accountant,9033,Manggis,3 Laurel Street,62-(107)566-2022
Craig,Olson,1998-10-26,Professor,6542,Novoshakhtinskiy,09258 Vernon Crossing,7-(449)569-5410
Jean,Mitchell,1996-12-29,Internal Auditor,4848,Magdeburg,68259 Morningstar Road,49-(422)729-3655
Bonnie,Morris,1993-03-29,Assistant Professor,2409,Glotovka,5059 Sachtjen Trail,7-(733)767-3375
Amanda,Vasquez,1996-07-23,Social Worker,9762,Summerland,6760 Springs Hill,1-(267)792-8845
Amanda,Gordon,1978-09-19,Senior Sales Associate,8541,Bombarral,508 Melvin Hill,351-(567)956-2369
Bobby,Kim,1994-08-21,Senior Editor,1127,Helsingborg,27 Ridgeview Parkway,46-(654)995-3529
Clarence,Turner,1974-03-22,Tax Accountant,8914,Staré Město,6519 Brentwood Road,420-(330)931-6345
Jessica,Campbell,1984-09-29,Paralegal,1424,Zhovkva,201 Crescent Oaks Trail,380-(774)123-2397
Patrick,Reyes,1997-10-23,VP Marketing,1526,Matagami,20 Morningstar Park,1-(935)775-7936
Sean,Jordan,1971-11-04,Pharmacist,1738,Santo André,424 Meadow Vale Street,55-(301)722-3971
Ruby,Ramos,1973-09-14,Graphic Designer,2912,Roanoke,3443 Independence Alley,1-(540)538-5510
Joan,Jordan,2003-06-16,Biostatistician I,5577,Malikisi,6 Charing Cross Crossing,254-(848)166-3721
Bruce,Medina,1991-09-11,Desktop Support Technician,5890,Musalerr,8378 Mccormick Plaza,374-(293)346-5090
Judith,Allen,1978-08-12,Sales Associate,8343,Týrnavos,0290 Kensington Avenue,30-(594)273-3258
Jennifer,Mendoza,1979-07-23,VP Quality Control,3447,Stizhkivs’ke,51 Katie Center,380-(881)253-0019
Debra,Rodriguez,1997-05-25,Structural Engineer,3471,Xiangzhou,1594 Shoshone Alley,86-(817)873-2086
Frances,Franklin,1979-04-03,Administrative Assistant I,9864,Luofang,30 Almo Alley,86-(966)390-2645
Margaret,Schmidt,1974-10-29,Analog Circuit Design manager,6274,Xiangshan,399 Jay Parkway,86-(915)293-2120
Denise,Bailey,1984-12-29,Chief Design Engineer,1106,Gubeikou,9 Nevada Avenue,86-(778)566-9382
Arthur,Moore,1990-08-14,Executive Secretary,7938,K Bang,476 Jay Court,84-(498)502-2600
Alan,Long,1992-08-16,Geologist III,8768,Xijiadian,25 Clarendon Parkway,86-(160)995-2946
Lori,Mccoy,1971-01-01,Safety Technician IV,1610,Ognevka,5 Alpine Point,7-(485)341-2377
Sean,Reed,1979-04-01,Electrical Engineer,4692,Sedati,703 Melody Drive,62-(860)891-8701
Teresa,Sullivan,1976-12-03,Senior Developer,8686,Dasuk,9908 Delaware Drive,62-(536)366-0620
Frank,Scott,1984-12-28,Account Coordinator,5338,Sukamaju,373 Burrows Center,62-(132)225-7546
Deborah,Dean,1974-03-27,VP Sales,9486,Sittwe,13 Thompson Junction,95-(974)303-9194
Larry,Brooks,2003-07-05,Marketing Assistant,4542,São Mamede,4398 Ramsey Plaza,351-(971)833-5050
Rebecca,Banks,1994-09-03,Senior Financial Analyst,9198,Lakkha Nëvre,7 Veith Crossing,7-(508)596-2054
Earl,Brooks,1989-01-18,Software Test Engineer IV,5312,Pointe-à-Pitre,9 Crescent Oaks Place,590-(237)591-9371
Diane,Oliver,1985-06-02,Programmer IV,1040,Hicksville,1766 Commercial Plaza,1-(516)831-4491
Annie,Bishop,1976-12-26,Statistician IV,8676,Molteno,5 Declaration Way,27-(382)823-1898
Shawn,Washington,1982-05-29,Nurse Practicioner,8870,Ko Chan,047 Algoma Junction,66-(755)464-7026
Paula,Day,1998-04-14,VP Marketing,2331,Broby,0229 Fuller Terrace,358-(542)748-6141
Harry,Brown,1980-08-02,Computer Systems Analyst I,5773,Emmen,2860 Beilfuss Crossing,31-(157)283-9645
Peter,Powell,1998-03-21,Desktop Support Technician,8143,Mamasa,21 Butternut Point,62-(745)420-1325
Carol,Castillo,1996-04-07,Electrical Engineer,8337,Nanshan,78 Manitowish Drive,86-(914)871-2165
Bonnie,Morris,1993-03-29,Assistant Professor,2409,Glotovka,5059 Sachtjen Trail,7-(733)767-3375
Antonio,Lawrence,1980-10-18,Quality Engineer,1097,Olkusz,10 Dennis Drive,48-(935)349-3148
Laura,Mason,1989-10-13,Geologist III,3321,Pengbu,39987 Dennis Center,86-(974)638-0825
Lois,Porter,1981-08-01,Registered Nurse,2131,Aubenas,14 Hollow Ridge Circle,33-(615)878-8729
Thomas,Palmer,1984-08-25,Quality Control Specialist,5804,Türkmenbaşy,64380 Nova Park,993-(929)603-9740
Keith,Snyder,1974-09-14,Automation Specialist IV,8621,Drajak,1272 Hauk Terrace,62-(854)496-1998
David,Jackson,1986-07-14,Computer Systems Analyst IV,4211,Omsk,4 Clyde Gallagher Plaza,7-(579)717-4746
Michael,Meyer,1973-01-16,Administrative Assistant I,5808,Sangoleng,896 Chinook Parkway,62-(930)311-9157
Harry,Fernandez,1985-09-11,VP Accounting,2847,Setanggor,77 School Street,62-(841)780-4488
Carol,Oliver,1973-11-24,Librarian,7567,Matatiele,2 Manley Center,27-(939)333-2428
Susan,Thomas,1981-01-01,Graphic Designer,1964,Yidu,3574 Cottonwood Lane,86-(272)549-9027
Donald,Robinson,1991-09-18,Teacher,4456,Si Khoraphum,6 Monterey Circle,66-(120)470-6645
Peter,Hamilton,1994-05-06,Account Coordinator,8108,Mosteiros,471 Karstens Drive,351-(696)685-8120
Billy,Peters,1972-10-21,Editor,2814,Niquinohomo,78618 Northwestern Terrace,505-(331)710-4488
Kenneth,Bradley,1987-11-03,Editor,1266,Laxey,983 Roxbury Street,44-(294)695-6143
Maria,Moore,1972-04-16,Engineer IV,8119,Pontalina,2600 Laurel Center,55-(866)358-3516
Jean,Willis,1972-09-12,Electrical Engineer,3235,Taverny,376 Elka Way,33-(996)203-0460
Peter,Garrett,1991-04-14,Legal Assistant,3353,Kansas City,469 Hoepker Street,1-(816)223-3236
Heather,Fox,1997-09-10,Junior Executive,7224,Luanda,9657 Shopko Point,244-(910)516-7458
Paul,Jacobs,1976-11-25,Geologist IV,5584,Santa Cruz do Sul,18267 Glacier Hill Terrace,55-(112)109-8354
Rose,Schmidt,1997-01-20,Actuary,8950,Embalse,6 Mockingbird Drive,54-(806)593-8168
Michelle,Romero,1986-07-19,Structural Analysis Engineer,2814,Hammam Sousse,5223 Center Junction,216-(457)506-0713
Patrick,Stevens,1996-08-31,Senior Editor,7486,Cleveland,046 Novick Street,1-(216)245-1227
Shirley,Gardner,1981-05-26,VP Marketing,3380,Evinayong,98 Bartelt Drive,240-(981)452-2022
Tammy,Holmes,1992-06-18,Mechanical Systems Engineer,4698,Vila Nova,2195 Arizona Pass,351-(222)851-7184
Shawn,Washington,1982-05-29,Nurse Practicioner,8870,Ko Chan,047 Algoma Junction,66-(755)464-7026
Annie,Ortiz,1975-06-23,Registered Nurse,2246,Kandang Timur,685 Lotheville Trail,62-(835)609-2147
Billy,Bowman,1981-02-02,Staff Accountant II,6510,Rungkam,9265 Tennyson Way,62-(743)364-3058
Joshua,Chavez,1977-11-20,Staff Scientist,8905,Luoping,130 Bayside Junction,86-(521)208-0802
Adam,Stevens,1998-08-08,Executive Secretary,3665,Takeo,8 Moland Way,855-(562)163-5285
Tammy,Alexander,1992-01-28,Web Designer III,9445,Rufino,71198 Florence Hill,54-(637)603-0220
Benjamin,Arnold,1997-07-17,Associate Professor,6909,Maranura,5620 Maywood Junction,51-(408)394-3003
Bonnie,Armstrong,1986-02-08,Staff Accountant II,9260,Tam Bình,4968 Spenser Circle,84-(876)144-8146
Bonnie,Coleman,1979-11-22,VP Accounting,7678,Campo Largo,0 Messerschmidt Court,54-(897)316-6122
Patricia,Ramos,1992-04-29,Physical Therapy Assistant,2344,Lijiazui,982 Green Ridge Drive,86-(235)716-9960
Amy,Robertson,1972-02-27,Budget/Accounting Analyst II,6784,Muaraenim,9 Moose Place,62-(429)324-1486
Cynthia,Brooks,1991-11-01,Information Systems Manager,6301,20 de Noviembre,9 Spaight Court,52-(381)592-7261
Earl,Howell,1988-07-16,Statistician IV,8033,Göteborg,563 Monica Street,46-(803)943-3705
Frances,Simmons,1977-04-25,Mechanical Systems Engineer,2407,Radomir,51171 Gale Park,359-(599)591-6470
Paul,Ramos,2003-07-10,Quality Control Specialist,2866,São Manços,297 Eggendart Drive,351-(367)756-7356
Martha,Perkins,1993-12-04,Analog Circuit Design manager,9916,Wulongshan,37808 5th Way,86-(736)683-6727
Robert,Hunt,1977-04-09,Graphic Designer,1454,Mirocin,776 Tomscot Alley,48-(746)712-6890
Michael,Little,1996-12-10,Recruiter,9055,Znamenka,61505 Washington Terrace,7-(440)585-8847
Joseph,Thompson,2000-02-17,Marketing Assistant,9291,Niños Heroes,07580 Forest Alley,52-(385)943-4942
Phillip,Flores,2001-09-22,Safety Technician II,5057,Batatais,1 Talmadge Trail,55-(952)119-0740
Virginia,Henderson,1977-03-19,Structural Analysis Engineer,2778,Torres,66 Onsgard Avenue,55-(286)432-5692
Janet,Gordon,1993-01-18,Teacher,6384,Medvedok,41686 Doe Crossing Alley,7-(818)369-4250
Alan,Ortiz,1985-08-12,Junior Executive,3718,Nankun,10065 Dennis Park,86-(442)796-8558
Richard,Wood,1999-05-07,Product Engineer,4324,Shilovo,80 Superior Park,7-(206)569-6577
Nicole,Mccoy,1998-11-24,Marketing Manager,6519,Wanglu Kulon,0566 Atwood Way,62-(578)659-0433
Annie,Ortiz,1975-06-23,Registered Nurse,2246,Kandang Timur,685 Lotheville Trail,62-(835)609-2147
Rose,Morrison,1998-10-19,Cost Accountant,7355,Mucurapo,81 Tennyson Place,1-(827)680-9404
Melissa,Greene,1981-05-17,Mechanical Systems Engineer,1100,Songlong,38106 Grover Center,86-(747)703-3494
Judy,Barnes,1971-07-18,Operator,4409,Dordrecht,044 Cody Court,31-(668)594-5344
Steven,Carpenter,2003-10-25,Design Engineer,5193,Xiaojinkou,0 Fordem Avenue,86-(474)143-0195
Michelle,Olson,1991-04-19,Executive Secretary,5581,Guingamp,0397 Dottie Road,33-(258)682-8030
Doris,Stephens,1975-04-15,Senior Quality Engineer,1654,Caihua,7 Everett Pass,86-(387)218-0147
Rose,Stephens,1997-02-15,Research Nurse,9115,Wawu,2 Farmco Avenue,86-(823)516-7670
Andrew,Lopez,1983-05-31,Physical Therapy Assistant,7247,Long Xuyên,088 Randy Trail,84-(490)370-0685
Carolyn,Butler,1994-12-18,Cost Accountant,4914,Beyla,96627 Loeprich Crossing,224-(944)150-6748
Matthew,Chavez,1998-12-30,Health Coach I,7383,Tinalmud,07 Rockefeller Crossing,63-(893)143-5452
Bobby,Wright,1972-01-19,Account Coordinator,2367,Staropavlovskaya,7 Golf Way,7-(149)175-0683
Jerry,Ward,1978-05-26,Senior Financial Analyst,5347,Antíparos,92482 Fordem Trail,30-(470)544-6835
Nicholas,Cunningham,1981-02-10,Programmer I,3889,Vologda,93 Manufacturers Street,7-(372)919-8462
Lawrence,Evans,1983-06-02,Actuary,7231,Nyurba,1 Myrtle Place,7-(149)621-6024
Lillian,Morris,2003-10-31,Librarian,6533,Sonder,01853 Sullivan Drive,62-(644)656-7947
Louise,Olson,1984-02-23,Senior Quality Engineer,8410,Laocheng,7989 Loomis Court,86-(387)595-7153
Clarence,Hunter,1973-04-01,Tax Accountant,3501,Irahuan,0 Declaration Road,63-(333)259-9516
Evelyn,Wagner,1980-11-22,Chief Design Engineer,2568,Los Pinos,804 Armistice Pass,52-(628)650-6868
Louis,Thomas,1987-01-26,Product Engineer,4292,Aldeia da Mata,69 Leroy Parkway,351-(625)816-8200
Barbara,Webb,1975-02-15,Food Chemist,7246,Kafir Qala,328 Norway Maple Point,93-(536)482-0014
Stephen,Reid,1973-08-06,Financial Analyst,1889,Bokat,97 Village Green Crossing,62-(746)675-4965
Angela,Rodriguez,1985-08-17,Accountant III,1777,Martapura,55 Granby Avenue,62-(164)635-8786
David,Fernandez,2002-07-09,Product Engineer,5056,Ruse,38 Pepper Wood Drive,359-(407)411-7194
Linda,Bailey,2001-05-09,Analog Circuit Design manager,5622,Olafulihaa,5949 Merchant Pass,62-(701)269-8204
Peter,Miller,1973-07-24,Accountant III,4822,Malaga,59740 Alpine Park,34-(837)947-2363
Rebecca,Schmidt,1988-01-02,Financial Analyst,9327,Zhaitou,0808 Pond Hill,86-(736)415-4979
Nicholas,Hernandez,1976-06-22,Registered Nurse,3053,Nueva Ocotepeque,50 Melby Park,504-(909)264-0476
Chris,Hall,1997-09-28,Project Manager,1697,Ganhe,372 Commercial Point,86-(999)190-5341
Robert,Robertson,1980-12-13,Senior Developer,4544,Plast,12117 Dunning Pass,7-(231)517-0284
Gary,Turner,2000-05-16,Nuclear Power Engineer,3247,Barcelona,2401 Grim Street,63-(394)795-1926
Catherine,Gibson,1983-08-17,Legal Assistant,6340,Narva-Jõesuu,54210 Hoffman Place,372-(468)661-3073
Catherine,Dunn,1998-01-08,Quality Engineer,1687,Mladá Boleslav,90 Oak Valley Point,420-(759)331-1588
Gerald,Johnson,1994-12-15,Senior Quality Engineer,3331,Itzig,6519 6th Park,352-(487)416-3629
Patricia,Jacobs,1984-08-14,Civil Engineer,4585,Liuji,33 Ilene Lane,86-(434)508-1097
Thomas,Peterson,1975-10-31,Human Resources Assistant II,5133,Honglin,118 Dexter Hill,86-(683)432-1007
Jennifer,Clark,1995-07-24,Environmental Specialist,5848,Bagan,371 Oriole Terrace,7-(596)452-8496
Ruth,Richardson,1977-02-24,Research Associate,4266,Annecy,7703 Banding Center,33-(334)733-7560
Theresa,Owens,1994-08-21,Product Engineer,4052,Boniewo,980 Buena Vista Way,48-(848)476-2807
Robin,Chapman,1996-11-05,Associate Professor,8744,Tarariras,79919 Claremont Alley,598-(305)522-0272
Sharon,West,2003-05-24,Account Coordinator,5673,Tabon,0 Doe Crossing Hill,63-(853)517-2120
Arthur,Freeman,1990-09-29,Associate Professor,2773,Val-de-Reuil,00503 Mayfield Alley,33-(674)645-8040
Nicole,Phillips,1975-09-12,Sales Associate,4948,Calinaoan Malasin,0435 Northland Point,63-(822)536-9475
Steven,Payne,1980-05-25,Staff Scientist,2591,Jinhu,6 Lien Trail,86-(597)378-3219
Paula,Lewis,1982-11-15,Electrical Engineer,5054,Al Qanāţir al Khayrīyah,498 Logan Street,20-(101)134-3361
Juan,Bryant,1989-06-03,Engineer II,9292,Telsen,2230 Ruskin Junction,54-(861)650-0978
Jonathan,Stone,1977-08-25,Research Assistant II,5526,Ardabīl,6151 American Avenue,98-(824)298-8507
Maria,Bishop,1971-03-23,Financial Analyst,5975,Bojonggenteng,49796 Hollow Ridge Parkway,62-(340)662-2642
Steven,West,2002-10-31,Staff Scientist,1503,Zibo,46574 Muir Drive,86-(699)243-3187
Larry,Schmidt,1983-10-15,Nurse,4950,Lipa City,4 Sauthoff Way,63-(993)984-6327
Russell,Perez,2000-08-02,Occupational Therapist,8957,Khairpur,98 Myrtle Place,92-(115)629-2351
Larry,Ferguson,1989-01-04,Senior Editor,8379,Huicheng,600 Schiller Parkway,86-(366)743-9455
Patricia,Boyd,2003-03-09,Registered Nurse,2223,Youyang,48 Pennsylvania Hill,86-(302)309-2995
Mark,Matthews,1983-02-28,Human Resources Assistant III,6061,Tëploye,95 Algoma Place,7-(614)336-5853
Ralph,Marshall,1999-01-27,Occupational Therapist,2200,Irahuan,555 Gulseth Road,63-(500)488-6039
Jeremy,Andrews,1990-07-13,Biostatistician IV,7830,Piedra Blanca,714 Karstens Hill,1-(115)694-4088
Phillip,Hamilton,1980-12-30,Data Coordiator,2170,Nandaime,29 Sage Street,505-(761)771-7836
Teresa,Reynolds,1980-10-08,Assistant Media Planner,2011,Drammen,163 Glacier Hill Court,47-(257)283-6710
Gerald,Johnson,1994-12-15,Senior Quality Engineer,3331,Itzig,6519 6th Park,352-(487)416-3629
Beverly,Carroll,2002-11-14,Administrative Assistant III,8268,Ipauçu,8886 Hoepker Crossing,55-(950)810-5512
Carol,Fernandez,1977-07-27,Human Resources Assistant II,5257,Tatarka,95229 Messerschmidt Lane,7-(697)295-9664
Joyce,Green,1998-12-19,Human Resources Assistant IV,6881,Itapecerica,8 Columbus Drive,55-(548)934-9770
Ruby,Banks,1982-04-02,Nurse Practicioner,5498,Lyon,3750 Bartillon Trail,33-(281)347-8446
Amy,Price,1984-03-19,Sales Representative,3092,Pineleng,163 Ludington Road,62-(226)523-4120
Paula,Burns,1989-08-10,Project Manager,7749,La Victoria,23 Annamark Trail,57-(628)864-0319
Larry,Griffin,1991-11-06,Financial Analyst,6572,Nong Saeng,61075 Mccormick Place,66-(486)722-7331
Annie,Hicks,1995-08-01,VP Accounting,4307,Jablonec nad Nisou,2011 Sunnyside Crossing,420-(832)337-5164
Craig,Banks,1998-09-02,Programmer Analyst III,3473,North York,017 Grim Road,1-(755)510-2429
Julie,Ruiz,1995-01-06,Editor,7113,San Borja,1946 East Plaza,591-(950)440-3284
Lisa,Stone,1972-12-03,Civil Engineer,8110,Magoúla,266 David Pass,30-(268)229-7769
Thomas,Crawford,1976-03-25,Engineer I,1805,Nova Venécia,56 Menomonie Hill,55-(117)832-9527
Jennifer,Clark,1995-07-24,Environmental Specialist,5848,Bagan,371 Oriole Terrace,7-(596)452-8496
Margaret,Wilson,1997-09-01,Nurse Practicioner,4956,Sao Hai,7 Anhalt Street,66-(798)281-5813
Anne,Montgomery,1971-06-07,Internal Auditor,3877,Cornwall,61 Buhler Avenue,1-(182)844-2450
Harry,Kelley,1994-08-03,Accounting Assistant IV,2501,Brea Pozo,76492 Warrior Court,54-(549)666-2684
Katherine,Berry,1988-12-11,Senior Quality Engineer,2262,Santa Lucía,510 Charing Cross Trail,504-(763)317-1820
Catherine,Stevens,1973-06-16,Database Administrator III,7717,Marshintsy,12380 Veith Place,380-(287)592-5470
Edward,Kennedy,1992-08-11,Sales Representative,6842,Kiarajangkung,06 Sauthoff Crossing,62-(844)463-1068
Emily,Fowler,1999-07-22,Registered Nurse,5720,Sorong,05723 Hermina Way,62-(612)493-9798
Nancy,Ford,1977-08-12,Social Worker,1568,Ganxi,2367 Raven Terrace,86-(227)591-6418
Carol,Lane,1974-01-05,Environmental Tech,8007,Boynton Beach,31 Sunnyside Pass,1-(561)269-4615
Annie,Crawford,2002-06-20,Administrative Officer,7405,Kitahiroshima,54 Summerview Terrace,81-(795)950-4853
Diane,Shaw,1988-04-18,Electrical Engineer,6373,Arapongas,95706 Pepper Wood Terrace,55-(564)542-7710
Jack,Kennedy,1980-07-30,Actuary,6980,Dieppe,4482 Coolidge Road,33-(579)908-0751
Frances,Gomez,1974-10-26,Clinical Specialist,7233,Khulm,71646 Bonner Lane,93-(894)927-0686
Louis,Thomas,2002-02-28,Human Resources Manager,1314,Liji,4 Cordelia Street,86-(329)278-4142
Bruce,Bradley,1988-04-02,Accountant III,3307,Lyeskawka,7283 Hallows Parkway,375-(575)131-0379
Todd,Baker,1977-11-15,Project Manager,5702,Bélabo,2386 Carey Way,237-(635)414-9593
Norma,Fisher,1974-02-26,Recruiting Manager,8685,Washington,6 Fordem Parkway,1-(202)501-8216
Wanda,Murray,1997-01-11,Senior Financial Analyst,4657,Fengyang Fuchengzhen,697 Sage Place,86-(190)855-7998
Sarah,Thompson,1980-10-31,Software Test Engineer I,8962,Zator,2198 Maple Wood Road,48-(611)839-7951
Ryan,Martinez,1972-12-19,Safety Technician I,6302,Krajan Alasdowo,9479 Prairieview Center,62-(682)462-4897
Dorothy,Ford,1989-05-25,Professor,2312,Prelog,7177 Spenser Way,385-(381)201-2066
David,Patterson,1984-11-06,Geologist I,7896,Brignoles,057 Magdeline Crossing,33-(905)841-2271
Lillian,Payne,1982-03-15,Information Systems Manager,9646,Minle,757 Dunning Crossing,86-(166)904-7714
Jeffrey,Lynch,1987-09-07,VP Marketing,5856,Manjacaze,18319 Northwestern Way,258-(200)862-1531
Margaret,Watkins,1985-04-17,Legal Assistant,5990,Fengcheng,18240 Bashford Circle,86-(821)403-0869
Ann,Alexander,1971-11-08,Dental Hygienist,3473,Tigpalay,4017 Petterle Junction,63-(255)601-5322
Ann,Lane,1991-10-07,Help Desk Technician,3226,Lovran,9745 Eliot Place,385-(167)874-4610
Phyllis,Gray,1986-02-08,Recruiter,4311,Katakwi,602 Maple Junction,256-(353)385-4566
Sandra,Howell,1978-09-23,Speech Pathologist,8451,Graneros,59914 Almo Junction,56-(606)130-7721
Michael,Coleman,1989-05-13,VP Product Management,5081,Huamu,86 Del Mar Crossing,86-(471)168-8346
Joseph,Jacobs,1989-09-14,Director of Sales,2005,Samuhú,32532 Norway Maple Trail,54-(337)392-5136
Jesse,Hall,1975-02-07,Project Manager,2976,Pinhal Novo,882 Prairie Rose Park,351-(471)358-1331
Joshua,George,1996-08-01,VP Accounting,7177,Jiahe,73 Debra Drive,86-(777)982-4451
Tina,Anderson,1980-03-25,VP Product Management,4336,Dijon,95984 Bowman Avenue,33-(528)839-0627
Gregory,Miller,1983-01-17,Actuary,8859,Sv. Ana v Slov. Goricah,717 John Wall Hill,386-(619)707-5017
Samuel,Lewis,1975-02-01,Tax Accountant,7216,Strasbourg,6649 High Crossing Point,33-(452)319-5206
Shirley,Greene,1979-02-16,Project Manager,4578,Rembes,65 Briar Crest Center,62-(136)151-3716
Harry,Kelley,1994-08-03,Accounting Assistant IV,2501,Brea Pozo,76492 Warrior Court,54-(549)666-2684
Victor,Bradley,1985-04-20,Electrical Engineer,8494,Youssoufia,175 Victoria Trail,212-(162)623-2475
Karen,Green,1977-01-28,Community Outreach Specialist,7786,Denpasar,72 Jenifer Junction,62-(870)654-4467
Helen,Shaw,1996-02-04,Software Engineer IV,7638,San Diego,38 Northland Pass,506-(144)537-1456
Emily,Smith,1983-05-18,Graphic Designer,8845,Santiago de las Vegas,5276 Fulton Junction,53-(441)497-6193
Andrew,Thomas,1985-11-26,Clinical Specialist,1710,Manas,448 Bowman Plaza,7-(356)664-1269
Teresa,Kim,1988-11-05,Business Systems Development Analyst,9998,Perdões,285 Oneill Alley,55-(932)993-3204
Larry,Moreno,1977-07-22,Senior Editor,1477,Guomaying,85334 Rutledge Lane,86-(306)815-8000
Martha,Ruiz,1979-11-24,Senior Developer,5938,Nowe Warpno,982 Kim Crossing,48-(409)441-0452
Cheryl,Brooks,1999-12-06,Civil Engineer,3493,Jaroměřice,14 Bashford Place,420-(914)153-5360
Victor,Riley,1976-07-03,Desktop Support Technician,4364,Geneina,1778 Northport Court,249-(347)730-6608
Nancy,Nichols,1988-03-17,General Manager,3883,Cicayur,7923 Gerald Crossing,62-(858)322-0140
Diane,King,1973-07-27,Financial Analyst,1572,Saratamata,7 Carpenter Park,678-(442)807-5982
Stephanie,Bell,1992-06-02,Food Chemist,9930,Marathon,2 Meadow Vale Trail,1-(412)730-5099
Walter,Gonzales,1990-11-30,Professor,6179,Lebedyn,32 Corscot Junction,380-(929)226-2182
Benjamin,Reynolds,1989-03-30,Programmer Analyst III,1937,Laojun,97134 Mendota Court,86-(862)380-5751
Andrea,Phillips,2003-03-22,Research Nurse,4746,Pont-Audemer,1 Talisman Road,33-(841)251-3650
Larry,Hunt,1974-04-27,Mechanical Systems Engineer,6558,Hanyuan,42679 Golden Leaf Center,86-(406)903-7467
Steven,Ortiz,1989-01-28,Assistant Manager,3562,Silute,113 Redwing Park,370-(477)903-8282
Harold,Lawrence,1984-11-22,Software Test Engineer II,6218,Winston Salem,73 Esch Circle,1-(336)986-1840
Laura,Cruz,1978-06-05,Registered Nurse,5137,Cervantes,25679 Clemons Trail,63-(741)634-3599
Frank,Fisher,2001-02-07,Senior Developer,7835,Cawayan,95 Reinke Point,63-(851)267-2691
Bobby,Carpenter,1982-10-20,Environmental Tech,6680,Longcheng,47117 Green Ridge Parkway,86-(589)783-8860
Paul,Johnson,2003-03-12,Desktop Support Technician,6105,Nangewer,25749 Moland Park,62-(406)801-2880
Raymond,Garcia,1975-06-04,VP Quality Control,6332,Katsina,335 Ridge Oak Hill,234-(172)530-9618
Johnny,Webb,1990-03-11,VP Marketing,7365,Teresópolis,6310 Carey Pass,55-(358)817-0525
Diane,Arnold,2003-01-04,VP Quality Control,6624,Zuru,2119 Helena Park,234-(389)262-0055
Charles,Franklin,1976-08-05,Programmer Analyst IV,5492,Tsybulevka,67402 Haas Plaza,380-(588)405-1631
Joseph,Davis,1977-06-12,Account Coordinator,3048,Cogtong,05525 Claremont Pass,63-(826)763-5354
Roger,Hayes,1998-01-01,Electrical Engineer,5942,Montluçon,54116 Sommers Place,33-(457)182-5254
Debra,Day,2003-08-20,VP Sales,4202,Kharagauli,778 Hoepker Hill,995-(144)320-0632
Bonnie,Holmes,1986-10-29,Account Coordinator,1897,Yangjinzhuang,5838 Pawling Pass,86-(337)600-3966
Amy,Welch,1980-11-02,General Manager,6556,Kanye,524 Lakewood Gardens Circle,267-(772)515-6305
Andrew,Kennedy,1989-07-07,Senior Financial Analyst,9545,Palma Soriano,8324 Graceland Alley,53-(130)976-2106
Helen,Burns,1976-05-31,Chemical Engineer,7000,Sājir,75 Derek Place,966-(271)405-3820
Evelyn,Johnson,1998-10-14,Junior Executive,9015,Lisków,4879 Montana Place,48-(843)602-4710
Daniel,Rogers,1975-11-19,Information Systems Manager,3529,Hetian,6 Straubel Terrace,86-(176)629-2759
Craig,Day,1997-02-13,Database Administrator II,7396,Nanjiao,34 6th Trail,86-(372)286-2951
Victor,Bradley,1985-04-20,Electrical Engineer,8494,Youssoufia,175 Victoria Trail,212-(162)623-2475
Sarah,Fuller,1971-04-22,Recruiting Manager,8064,Pārūn,72 Northridge Drive,93-(678)868-5540
Harry,Peterson,1976-01-26,Administrative Officer,7299,Birsa,98330 Sloan Crossing,62-(638)356-8319
Norma,Little,1982-03-12,Geologist I,5851,Chendong,41 Welch Place,86-(421)952-8314
Frances,Peters,1972-07-06,Analyst Programmer,4380,Chulabhorn,4004 Bonner Alley,66-(889)750-7258
Tina,Anderson,1980-03-25,VP Product Management,4336,Dijon,95984 Bowman Avenue,33-(528)839-0627
Wanda,Hanson,1980-04-05,Technical Writer,9566,Al Jumaylīyah,82451 Upham Way,974-(107)824-5714
Rachel,Holmes,1985-01-17,Chief Design Engineer,6971,Sablé-sur-Sarthe,362 Hollow Ridge Crossing,33-(933)876-9462
Sean,Garrett,2002-05-04,Legal Assistant,2240,Phoenix,575 Kim Point,1-(602)295-6492
Samuel,Ramos,1978-08-04,Internal Auditor,2847,Del Pilar,40862 Bartillon Crossing,63-(559)412-3459
Elizabeth,Sims,1987-05-21,Developer I,2204,San Vicente Pacaya,88098 Union Circle,502-(170)564-4266
Brenda,Day,1996-12-14,Research Assistant II,7075,Guararema,4 Eastlawn Way,55-(577)974-0018
Lori,Hunt,1973-04-23,Professor,5746,Zapolyarnyy,2 Oak Place,7-(732)429-0123
Wanda,Kelley,1971-07-30,Quality Engineer,1788,Rancharia,70 Petterle Terrace,55-(203)267-2600
Carol,Torres,1996-03-21,Safety Technician I,9798,Melissochóri,7 Katie Hill,30-(639)670-6219
Kathryn,Robinson,2001-10-09,Design Engineer,9321,Shanling,0 Elka Terrace,86-(574)440-7707
Joe,Gonzalez,1972-01-23,Research Associate,7040,Sergeyevka,022 Pepper Wood Trail,7-(436)155-5558
Raymond,Nguyen,1982-08-16,Assistant Manager,7438,Guandi,23 Clyde Gallagher Avenue,86-(577)447-4354
Alice,Long,1985-08-28,Associate Professor,1148,Māwiyah,5 Magdeline Plaza,967-(151)123-1696
Ernest,Ryan,1981-10-20,Senior Financial Analyst,7331,Livramento do Brumado,964 Prentice Center,55-(573)470-6033
Robin,Harris,1988-03-09,Dental Hygienist,4289,Ar Rifā‘,5 Porter Junction,973-(528)948-8106
Anne,Ramirez,1977-10-02,Assistant Manager,3798,El Alamo,8344 Onsgard Alley,52-(955)598-7740
Maria,Ryan,1981-09-20,Administrative Officer,8421,Bayeux,3 Grim Road,55-(822)690-2404
Rebecca,King,2003-03-28,Health Coach I,9269,Xingtai,5 Utah Center,86-(377)232-4912
Gerald,Stone,1992-06-14,Junior Executive,5548,Cocachacra,8 Huxley Avenue,51-(483)294-0907
Eugene,Greene,1985-03-11,VP Sales,6625,Qitao,08277 Petterle Street,86-(267)877-6645
Denise,Graham,1981-02-18,Accountant I,9075,Protaras,191 Bashford Junction,357-(164)309-1515
Juan,Alexander,1978-01-21,Sales Representative,4220,‘Arīqah,61 Rigney Crossing,963-(396)376-1689
Christina,Fuller,1995-09-07,Assistant Professor,6596,Shihuiyao,5864 Welch Street,86-(314)529-4313
Justin,Dunn,1975-09-29,Software Engineer II,3726,Tworków,28183 8th Alley,48-(317)100-7574
Linda,Myers,1995-04-12,Recruiter,6330,Tsukumiura,99 Florence Place,81-(265)177-4061
Ruth,Wells,2001-06-04,Teacher,4817,Pyhäsalmi,7 Bowman Drive,358-(292)690-9952
Mark,West,1989-06-21,Human Resources Manager,1599,Dahuangwei,443 Londonderry Street,86-(813)233-8144
Sandra,Hart,1975-02-14,Clinical Specialist,8175,Tiarei,51766 1st Park,689-(836)642-6874
Irene,Myers,1982-01-05,Software Test Engineer IV,1420,Golcowa,5 Roxbury Center,48-(907)300-4989
Donald,Simpson,1995-04-16,Teacher,1151,Anchorage,151 Dixon Hill,1-(907)849-2634
Henry,Roberts,1991-08-01,Nurse,4806,Nakło nad Notecią,726 Alpine Way,48-(651)250-9611
Douglas,Burke,1980-06-20,Sales Representative,6779,Xuanma,7 Prairie Rose Way,86-(677)595-1035
Philip,Burns,1993-10-30,Account Representative I,4090,Zheleznovodsk,92446 Kennedy Place,7-(233)379-0808
Jacqueline,Romero,1979-04-14,VP Sales,5878,Viçosa do Ceará,015 Eliot Trail,55-(820)778-6140
Joe,Pierce,1986-02-13,Speech Pathologist,4530,Xingfu,68 Thackeray Pass,86-(178)113-8776
Walter,Reynolds,1971-05-23,Internal Auditor,6733,Hoeryŏng,2 Express Park,850-(610)399-6846
Shawn,Burton,1975-03-16,Occupational Therapist,1838,Liucun,70 Southridge Junction,86-(893)663-8863
Bruce,Wood,1978-10-21,Information Systems Manager,5061,Rennes,6988 Ryan Place,33-(450)811-2826
Phyllis,Bennett,1991-05-12,Business Systems Development Analyst,7799,Santa Fe,7 Rigney Hill,52-(463)357-7624
Samuel,Garrett,1996-04-11,VP Accounting,6101,San Juan Atitán,1 Shasta Drive,502-(657)798-8054
Frances,Bishop,1993-11-28,Community Outreach Specialist,1743,Estefania,2 Mcbride Road,63-(186)782-9725
Daniel,Sims,2002-05-11,Executive Secretary,5859,Courtaboeuf,2 Prairie Rose Park,33-(516)127-2473
Victor,Cunningham,2003-06-17,Operator,9899,Buy,4 Russell Point,7-(843)672-0319
Phyllis,Gray,1998-07-28,Pharmacist,5674,Bjästa,4 Rowland Crossing,46-(310)415-2327
Tina,Scott,1992-07-28,Clinical Specialist,4281,Shibi,75 Donald Crossing,86-(489)499-6246
Martin,Hall,2002-01-21,Occupational Therapist,8453,Lospalos,83 Clyde Gallagher Lane,670-(689)854-0656
Carol,Edwards,1990-03-02,Desktop Support Technician,8424,Krzeczów,89 Randy Street,48-(337)725-6824
Joyce,Gordon,1996-11-24,Associate Professor,3792,Quangang,34 School Crossing,86-(633)554-0097
Diana,Young,1972-05-12,Analyst Programmer,5453,Palmeira,84 Spenser Plaza,55-(796)662-1866
David,Morgan,1978-10-07,Design Engineer,5451,Shanxi,387 Schlimgen Park,86-(867)254-8582
Larry,Ryan,1998-01-11,Social Worker,6090,L'Assomption,67521 Pleasure Way,1-(956)689-5157
Steven,Henry,1994-04-18,Civil Engineer,6980,Nāḩiyat Hīrān,226 Mallory Lane,964-(833)159-2990
Rebecca,Greene,1980-07-20,Environmental Specialist,2898,Batang,618 Susan Point,62-(214)609-5128
Evelyn,Hernandez,1991-10-04,Social Worker,2109,Jūrat ash Sham‘ah,2664 Anderson Alley,970-(586)814-8138
Andrew,Bradley,1991-10-23,Operator,1187,Karangnunggal,24150 Toban Parkway,62-(278)191-7779
Arthur,Frazier,1974-11-11,Community Outreach Specialist,7008,Wādī al ‘Uyūn,658 Stuart Lane,963-(367)492-7880
Robin,Gonzales,1990-09-23,Project Manager,8141,Pilar,7056 Dakota Plaza,63-(348)137-3231
Samuel,Castillo,2001-08-05,Office Assistant I,9438,Lleida,11 Meadow Vale Pass,34-(444)690-0456
Alan,Carroll,1977-03-30,Accountant I,3330,Jifarong,4 Hoard Center,220-(882)177-6112
John,Howell,2003-04-29,Accounting Assistant III,7870,Citampian,911 Everett Center,62-(467)240-4366
Alan,Howard,1997-08-12,Health Coach II,7780,Longbo,4194 Arizona Street,86-(529)314-3698
Randy,Weaver,1974-04-17,Systems Administrator IV,3485,Minneapolis,2 Emmet Road,1-(612)369-1191
Mark,West,1989-06-21,Human Resources Manager,1599,Dahuangwei,443 Londonderry Street,86-(813)233-8144
Larry,Elliott,1996-04-01,Registered Nurse,5819,Enjitsu,2 Golf Course Plaza,82-(660)499-0341
Linda,Edwards,1984-04-06,Compensation Analyst,6726,Mulhouse,1 Delaware Hill,33-(235)719-2957
Juan,Carter,1998-09-24,Internal Auditor,3822,Nurmijärvi,5 Bartillon Pass,358-(798)593-7678
Margaret,Parker,1985-10-26,Food Chemist,8835,Khao Wong,9067 Grasskamp Way,66-(878)189-3261
Marie,Ortiz,1973-05-15,Occupational Therapist,8612,Gorobinci,687 Hazelcrest Parkway,389-(957)483-4745
Jonathan,Mills,2002-08-14,Physical Therapy Assistant,6965,Mingjiu,6075 Miller Park,86-(760)819-3935
Gregory,Stewart,1985-03-21,Structural Engineer,3692,Mengxi,841 Mosinee Alley,86-(869)345-5177
Ronald,Cooper,1976-08-30,Civil Engineer,1443,Torslanda,4 Larry Court,46-(172)406-1534
Gary,Campbell,1977-11-15,Web Designer II,7756,Karagach,69361 Vahlen Street,7-(700)720-3398
Amanda,Kelley,2000-12-10,Accounting Assistant II,8625,Tugu,073 Jackson Place,62-(898)974-1787
Theresa,Burke,1989-03-27,Database Administrator II,7295,Sandata,8024 Lakeland Hill,7-(662)774-0903
Earl,Henderson,1993-02-05,Legal Assistant,7448,Dashkawka,35 Michigan Terrace,375-(956)620-2884
Elizabeth,Cook,1987-12-14,Developer IV,5615,Hamburg,67 Haas Street,49-(799)137-3486
Shawn,Owens,1992-08-19,Research Assistant III,9532,Zagreb - Centar,6651 Cherokee Center,385-(847)973-7247
Katherine,Elliott,1994-07-19,Physical Therapy Assistant,2572,Conceição do Jacuípe,486 Bobwhite Hill,55-(345)284-9527
Helen,Murphy,1972-01-16,Social Worker,2880,Thị Trấn Ngải Giao,76 Eastlawn Avenue,84-(332)494-5218
Kimberly,Howell,1972-09-13,Sales Associate,5722,Chelopech,01798 Esker Way,359-(472)537-5820
Rachel,Rogers,1995-07-04,Graphic Designer,7225,Paghmān,35526 Hagan Parkway,93-(634)968-5695
Antonio,Johnston,1982-04-26,Structural Analysis Engineer,9387,Biao,1417 North Road,63-(565)541-5036
Barbara,Evans,1986-11-14,Administrative Officer,7662,Aş Şalw,2961 Bobwhite Avenue,967-(194)843-0922
Craig,Gray,1995-12-13,Cost Accountant,6804,Ban Huai Thalaeng,62 Londonderry Drive,66-(931)423-6426
Joe,Stevens,1994-12-15,Web Developer IV,1869,Amolatar,895 Steensland Circle,256-(795)858-5961
Jack,Cox,1997-05-05,GIS Technical Architect,2207,Ciudad Bolívar,1 Bowman Alley,57-(833)559-9546
Doris,Roberts,2002-07-02,Dental Hygienist,5119,Abhar,632 Dottie Avenue,98-(905)442-3259
Jerry,Fisher,1998-01-29,Human Resources Assistant III,3421,London,4735 Di Loreto Alley,44-(413)679-9422
Debra,Johnson,2000-08-26,Speech Pathologist,4343,Libas,708 Milwaukee Street,63-(783)512-5046
Matthew,Evans,1983-09-27,Environmental Specialist,1364,Kuressaare,5 Kim Crossing,372-(300)668-5126
Diana,Andrews,1977-09-10,Speech Pathologist,5888,Dupnitsa,4617 Vernon Hill,359-(247)264-9514
Joshua,Payne,2000-01-01,Nuclear Power Engineer,7230,Tombatu,5 Dorton Crossing,62-(768)300-1651
Alan,Carroll,1977-03-30,Accountant I,3330,Jifarong,4 Hoard Center,220-(882)177-6112
Carolyn,Jacobs,1984-11-09,Marketing Manager,1611,Sidi Slimane,419 La Follette Place,212-(295)781-7729
Matthew,Evans,1983-09-27,Environmental Specialist,1364,Kuressaare,5 Kim Crossing,372-(300)668-5126
Evelyn,Ward,1999-07-23,Director of Sales,2548,Ussel,131 Washington Point,33-(550)971-2566
Barbara,Murray,1992-06-14,Media Manager I,8774,Cevicos,6824 Transport Park,1-(224)958-6435
Heather,Chapman,1979-12-22,Graphic Designer,6755,Cilolohan,6 Memorial Alley,62-(364)283-1429
Ernest,Ward,1974-04-13,Human Resources Assistant IV,9856,San Vicente,62560 Maywood Pass,63-(177)471-0336
Brian,Campbell,1990-01-12,Marketing Assistant,5533,Cap Malheureux,12648 Dottie Center,230-(602)794-6566
Lawrence,Howard,1999-05-23,Staff Accountant I,7275,Savalou,7 Monterey Junction,229-(127)772-2083
Jennifer,Palmer,1992-06-10,Human Resources Manager,6564,Puan Selatan,07 Granby Park,62-(919)750-7918
Robert,Ross,1996-06-17,Data Coordiator,3480,Kara Suu,30 Commercial Street,996-(749)266-7205
Louis,Spencer,2001-03-25,Desktop Support Technician,4747,Ngembel,08198 Golf View Trail,62-(616)624-2343
Lois,Oliver,1972-10-16,Health Coach III,3103,Kowo,7405 Reindahl Plaza,62-(112)323-1300
Chris,Ray,1983-02-11,Assistant Manager,8575,Carmo do Cajuru,1 Shelley Junction,55-(413)272-9094
Sara,Boyd,1985-04-11,Safety Technician II,4698,Emiliano Zapata,79561 Garrison Street,52-(766)141-5603
Russell,Parker,1981-10-29,Programmer II,9366,Sidaohezi,09770 Talmadge Point,86-(746)128-0755
Ruby,Turner,1999-10-07,Professor,1989,Liushun,0220 Bashford Pass,86-(123)410-8856
Catherine,Mendoza,1996-12-13,Chemical Engineer,6442,Creil,92475 Corben Alley,33-(884)119-4538
Andrea,Castillo,1990-11-05,Budget/Accounting Analyst II,8455,Den Haag,79 Center Hill,31-(101)428-5570
Carlos,Stanley,1997-11-05,Developer I,4755,Yangtan,804 Rigney Point,86-(368)483-0699
Gregory,Hanson,1977-12-03,Staff Scientist,7487,Beberibe,3025 Moulton Crossing,55-(882)324-2134
Angela,Mills,1977-06-06,Office Assistant III,1729,Chiconi,96085 Fordem Park,269-(201)846-2189
Alice,Chavez,2003-08-30,Help Desk Operator,1933,Suraż,39574 Onsgard Lane,48-(527)487-2518
Jack,Alexander,1998-02-16,Dental Hygienist,3237,Fengpo,61479 Esker Road,86-(695)408-5598
Daniel,Cunningham,1997-05-14,Structural Engineer,3860,Margasari,4557 Parkside Center,62-(121)275-2661
Aaron,Wood,1985-05-23,Research Assistant III,1654,Rushankou,74764 Superior Center,86-(622)188-3707
Phyllis,Morgan,2003-11-03,Help Desk Technician,7953,Rancapare,50744 Dapin Point,62-(323)228-3219
Christina,Gray,1984-12-07,Staff Accountant IV,2433,Guri-si,551 Roxbury Way,82-(302)967-6756
Ann,Brooks,1982-02-22,Community Outreach Specialist,4864,Ugra,155 Sunbrook Junction,7-(692)925-9707
Mark,Gibson,1989-11-07,Nurse,1675,Klaeng,036 Moose Road,66-(807)749-7915
Chris,Edwards,1995-07-14,Account Coordinator,2613,San Rafael,59578 Larry Lane,63-(950)299-9284
Lillian,Snyder,2002-08-14,Account Coordinator,3117,Pajoreja,270 Vermont Terrace,62-(354)855-7528
Willie,Scott,1985-03-10,Web Developer II,6544,Kuršumlija,29164 Browning Plaza,381-(399)423-2926
Wanda,Kelley,1975-06-13,Software Consultant,8986,Recife,570 Merry Alley,55-(514)675-5334
Eugene,Adams,2000-02-04,Accounting Assistant IV,2003,Rossosh’,270 Hintze Center,7-(120)631-3443
Ernest,Ward,1974-04-13,Human Resources Assistant IV,9856,San Vicente,62560 Maywood Pass,63-(177)471-0336
Patrick,Reed,1995-11-04,Staff Accountant I,2986,Galván,31000 Cherokee Center,1-(478)707-7523
Paul,West,1987-02-25,Graphic Designer,1900,Villa del Rosario,10153 Division Alley,54-(840)792-2414
Alice,Kennedy,2000-04-22,Software Consultant,5414,Étampes,5630 Prairieview Way,33-(156)863-1567
Charles,Miller,1996-09-09,Information Systems Manager,7813,Nizhniy Tagil,6366 Valley Edge Drive,7-(514)210-7879
Sara,Ross,1978-07-18,Project Manager,8992,El Crucero,4 Bay Plaza,505-(281)562-7143
Laura,Oliver,1979-12-23,Financial Advisor,1408,Babakankalong,9 Ramsey Hill,62-(758)578-8655
Bruce,Bradley,1999-11-01,Data Coordiator,9548,Siva,94895 Morningstar Street,7-(310)630-5337
Christina,Hughes,1976-12-13,Marketing Assistant,2535,Xinglin,79 Warner Alley,86-(479)435-1807
Virginia,Owens,1989-06-07,Budget/Accounting Analyst IV,3262,Dajin,2 High Crossing Drive,86-(648)753-4446
Henry,Murray,1994-05-15,Dental Hygienist,2912,Sukahening,57200 Warrior Center,62-(206)242-5928
Raymond,Garrett,1993-04-27,Administrative Assistant II,2341,Wendo,980 Esker Terrace,251-(125)504-9231
Wayne,Rice,1972-05-30,Chemical Engineer,7099,Maracanã,84 Alpine Court,55-(707)508-1260
Mildred,Ford,2002-11-14,Marketing Assistant,5377,Gavrilov-Yam,63 Dahle Way,7-(646)218-7903
Nancy,Turner,2003-01-25,Graphic Designer,7404,Rincón,0 Alpine Center,1-(277)255-5741
Stephanie,Jacobs,1972-09-28,Financial Advisor,9692,Huangyang,9 Sugar Street,86-(226)380-3119
Norma,Murphy,1994-03-06,Operator,9850,Heshui,95421 Gateway Crossing,86-(415)970-1135
Andrew,Bradley,1997-05-03,Research Assistant I,2183,Amsterdam Nieuw West,454 New Castle Terrace,31-(844)222-1073
Joe,Johnson,1984-07-17,Research Assistant II,4217,Berber,87 Arizona Court,249-(134)835-0681
Joan,Burke,2002-02-10,VP Marketing,8393,Pangian,7 Anthes Street,63-(119)732-6334
Christine,Palmer,1986-03-12,Engineer I,8057,Skołyszyn,112 Stang Center,48-(783)721-6709
Timothy,Turner,1973-11-23,Staff Accountant I,3845,Hegarmulya,9 Petterle Point,62-(433)748-7609
Judy,Simpson,1979-06-17,Data Coordiator,2039,Cirangga Kidul,32696 Hazelcrest Avenue,62-(512)462-3912
Michael,Knight,1990-12-08,Administrative Assistant III,5563,Jedlińsk,14 Meadow Valley Place,48-(306)584-2419
Raymond,Webb,1989-09-29,Information Systems Manager,6679,San Mateo,35250 Banding Plaza,63-(538)421-1235
Anna,Carroll,1981-06-03,Professor,7682,Muraharjo,857 Grasskamp Street,62-(596)203-6651
Roy,Evans,1989-05-30,Staff Accountant III,8215,Tanakawu Dua,4573 Judy Hill,62-(731)921-5817
Jack,Arnold,1996-02-25,Nurse,7704,Perivólia,7928 Portage Way,357-(309)133-4293
Benjamin,Scott,1998-05-26,Senior Sales Associate,3655,Leones,188 Del Mar Avenue,54-(740)903-3269
Ashley,Smith,1977-12-29,Software Engineer II,1160,Qiangqinxue,577 Truax Terrace,86-(300)116-7409
Chris,Edwards,1995-07-14,Account Coordinator,2613,San Rafael,59578 Larry Lane,63-(950)299-9284
Craig,Edwards,1973-12-02,Computer Systems Analyst I,8181,Narbonne,41403 Toban Place,33-(583)599-0980
Carlos,Williams,1977-10-11,Help Desk Technician,6208,Futian,54543 Fisk Hill,86-(667)691-1401
Douglas,Crawford,1986-05-03,Software Engineer IV,7673,Nicoya,141 Kipling Drive,506-(235)858-5659
Jessica,Hanson,1985-05-11,Information Systems Manager,5852,Heliconia,58902 Utah Pass,57-(619)168-9751
Carolyn,Fisher,1974-01-01,Executive Secretary,5112,Sumurnanjung,7 Union Avenue,62-(370)493-2988
Benjamin,Burton,1999-10-17,Staff Scientist,6979,Águas de Lindóia,74 Meadow Vale Parkway,55-(927)334-1775
Kimberly,West,1998-05-21,Staff Scientist,2400,Longquan,4 David Lane,86-(305)322-6271
Frances,Montgomery,1987-10-05,Project Manager,2347,Lindavista,35 Hoepker Road,52-(265)742-5074
Ryan,Roberts,1990-11-17,Project Manager,2365,Gonghe,25320 Prairie Rose Way,86-(553)952-6379
George,Schmidt,1980-01-09,VP Accounting,5920,Tinawagan,78 2nd Drive,63-(726)950-2375
Justin,Schmidt,1999-07-19,Nuclear Power Engineer,4433,Szczawnica,53375 Hollow Ridge Park,48-(675)943-0730
Eugene,Gilbert,1989-02-28,Structural Analysis Engineer,7857,Igreja,51306 Hagan Road,351-(804)886-4644
Ann,Dunn,1976-04-03,Civil Engineer,2119,Huangtan,8513 Mendota Lane,86-(172)146-3675
Phillip,Bryant,1981-07-10,Associate Professor,6817,Charenton-le-Pont,08 Hooker Park,33-(313)361-1299
Pamela,Turner,1986-03-18,Food Chemist,7143,Ilhabela,0080 Ronald Regan Way,55-(981)520-3257
Wayne,Simmons,2000-02-05,Community Outreach Specialist,7467,Peixing,41131 Waxwing Hill,86-(878)142-2803
Anna,Cook,1993-08-22,Desktop Support Technician,6394,Ibirataia,2836 Maywood Lane,55-(252)622-9809
Annie,Vasquez,1989-11-29,Health Coach I,9750,Zhonghualu,6864 Hollow Ridge Road,86-(552)602-3894
Steven,Andrews,1978-12-02,Actuary,8948,Tuanjie,53970 Delaware Crossing,86-(286)920-0800
Heather,Crawford,1996-11-19,Analog Circuit Design manager,4472,Zeqin,7 Troy Point,86-(633)372-9175
Nicholas,Lawson,1979-11-28,Information Systems Manager,7980,El Pao,3774 Hayes Pass,58-(283)676-0147
Dorothy,Cole,1974-12-03,Teacher,5699,Ron Phibun,6349 Arrowood Road,66-(290)524-7511
Gregory,Bryant,1988-08-16,Librarian,7757,Volodymyr-Volyns’kyy,4453 Meadow Valley Terrace,380-(231)557-4587
Johnny,Medina,1974-01-29,Financial Analyst,1621,Chongjin,28519 Karstens Avenue,850-(527)883-6856
Carol,Porter,1990-04-29,Research Associate,2329,Oslo,105 4th Lane,47-(963)283-8074
Henry,Hicks,1996-10-21,Social Worker,7258,Martingança,5 Eagan Court,351-(170)487-9598
Julia,Morales,1971-06-05,Research Assistant III,3254,Poxi,8 Kings Lane,86-(343)907-6252
Raymond,Webb,1989-09-29,Information Systems Manager,6679,San Mateo,35250 Banding Plaza,63-(538)421-1235
Beverly,Fernandez,1995-02-25,Human Resources Assistant I,3866,Gävle,95 Southridge Plaza,46-(138)779-9576
Jennifer,Gonzalez,1989-04-26,Senior Financial Analyst,6259,Lis,88 Corben Park,355-(385)397-0769
Ruth,Bell,1978-06-07,Quality Engineer,5917,Sitovo,2458 Lukken Terrace,359-(788)206-7415
Edward,Rodriguez,1989-09-22,Occupational Therapist,2712,Hwaseong-si,0721 Tennyson Parkway,82-(826)102-6375
George,Schmidt,1985-07-30,Database Administrator IV,2090,Taramana,70500 Lake View Pass,62-(699)358-0213
Joe,Reid,2001-09-03,VP Marketing,8121,Trindade,25 Delladonna Park,55-(162)354-9541
Raymond,Nelson,1999-09-26,Librarian,1917,Skärholmen,8 Green Park,46-(115)798-1006
Walter,Ruiz,1984-12-08,Occupational Therapist,2088,Ciulu,75 Stuart Pass,62-(145)970-9461
Carolyn,Bryant,1990-12-06,Automation Specialist III,3617,Tongmuluo,3691 Riverside Way,86-(553)795-0124
Adam,Price,2000-07-16,Occupational Therapist,4312,eSikhawini,198 Forest Park,27-(995)875-3591
Albert,Willis,2002-04-27,Safety Technician II,3040,Indianapolis,1 Dorton Park,1-(317)708-2758
Lawrence,Wallace,2003-06-09,Senior Cost Accountant,7333,Pskov,0 Morningstar Alley,7-(527)606-4692
Laura,Gardner,1990-05-14,Senior Editor,2359,Qianjin,3 Sloan Street,86-(711)140-9379
Dennis,Cooper,1981-09-23,Director of Sales,9469,Severo-Zadonsk,715 Loeprich Plaza,7-(146)249-3089
Theresa,Shaw,1985-02-02,Senior Editor,5518,Baiyun,7 Cardinal Court,86-(474)631-6133
Johnny,Diaz,1977-12-17,Programmer Analyst II,8757,Villeneuve-lès-Avignon,7 Merrick Plaza,33-(984)854-5141
Terry,Cooper,2000-01-02,Web Designer III,6096,Kaabong,3024 Arrowood Parkway,256-(304)398-2249
Martin,Diaz,1972-06-03,Social Worker,9104,Golbey,07 Pennsylvania Hill,33-(429)828-8926
Jessica,Moreno,1975-01-22,Community Outreach Specialist,8013,Hägersten,52455 Lillian Pass,46-(170)657-5130
Adam,Reid,2000-03-14,Nuclear Power Engineer,2950,Antrukan,1 Crowley Street,62-(776)183-4417
Harry,Stanley,1978-05-31,Cost Accountant,3230,Concepcion,5 Hooker Parkway,63-(748)710-6405
Charles,Evans,1983-02-27,Senior Sales Associate,8851,Velká nad Veličkou,38626 Lukken Park,420-(155)280-9838
Scott,Henry,1996-11-28,Systems Administrator II,7599,Xitianwei,4759 Eastlawn Junction,86-(813)170-4712
Craig,Hayes,2001-07-10,Office Assistant IV,6107,Sumberejo,5585 Buhler Road,62-(555)676-3623
Paula,Williams,1972-03-17,Software Test Engineer I,5922,Unquillo,29400 Mallory Pass,54-(454)924-9378
Brenda,Freeman,1980-05-18,Director of Sales,7113,São Miguel do Rio Torto,6 Donald Drive,351-(115)200-9350
Jimmy,Rivera,1978-11-29,Electrical Engineer,8700,Kapiri Mposhi,25397 Raven Terrace,260-(894)521-3451
Wanda,Watson,1986-09-10,Environmental Specialist,3693,Colonia Mauricio José Troche,30110 Tony Parkway,595-(945)150-7322
Donald,Rose,2003-07-22,Dental Hygienist,7348,Gwoźnica Górna,5273 Hayes Way,48-(247)793-6382
Peter,Hanson,1979-10-30,Human Resources Assistant III,3725,Maojiagang,95073 Del Mar Parkway,86-(563)685-2632
William,Peters,1986-10-28,Nurse,3090,Angono,950 Algoma Place,63-(774)674-2223
William,Russell,1984-11-28,Nurse,1703,Famaillá,830 Charing Cross Alley,54-(215)174-4558
John,Holmes,1993-03-03,Librarian,2110,Fosses,8 Nancy Drive,33-(287)668-7785
Peter,Collins,2000-11-18,Database Administrator II,7729,Miastków Kościelny,478 Goodland Center,48-(885)624-8950
Roger,Black,1983-09-08,Environmental Tech,7993,Carpentras,9275 Emmet Junction,33-(414)971-9517
Heather,Crawford,1996-11-19,Analog Circuit Design manager,4472,Zeqin,7 Troy Point,86-(633)372-9175
Joshua,Matthews,1978-01-06,Research Assistant I,7025,Fuwah,8785 Riverside Way,20-(215)779-2168
Martin,Lane,1983-04-21,Administrative Assistant III,6046,Foros da Catrapona,539 Iowa Circle,351-(671)449-8289
Jose,Nelson,1985-03-13,Junior Executive,4236,Uva,75402 Upham Trail,7-(257)114-8622
Tina,Mason,1981-10-16,Speech Pathologist,4026,Karangparwa,8 Lawn Way,62-(167)862-4485
Helen,Garcia,1972-06-28,Budget/Accounting Analyst IV,3576,Alvesta,760 Rowland Hill,46-(961)532-4398
Nancy,Stephens,1982-07-04,Project Manager,7396,Booterstown,1 Forster Junction,353-(681)444-9372
Samuel,Hernandez,1988-07-28,Speech Pathologist,6979,Czarków,4990 Bayside Crossing,48-(316)844-6616
Jack,Perkins,1978-09-12,Assistant Manager,6296,Nikkō,91348 Eagle Crest Lane,81-(436)196-4095
Joseph,Tucker,1994-01-11,Senior Cost Accountant,2621,Kannabechō-yahiro,5178 Straubel Hill,81-(565)270-7474
Michael,Vasquez,1981-01-14,Occupational Therapist,6287,Villa Santa Rita,0 Meadow Valley Road,54-(749)625-9649
Richard,Hill,1990-05-21,Software Engineer IV,4589,Yegor’yevsk,37 Mitchell Trail,7-(308)881-3872
Craig,Barnes,2001-01-05,Senior Financial Analyst,4351,Perho,9 Messerschmidt Junction,358-(558)843-6074
Henry,Woods,2002-01-01,General Manager,4216,Jām Sāhib,8990 Old Shore Avenue,92-(873)579-8646
Karen,Woods,1981-04-07,Structural Analysis Engineer,3992,Tríkala,676 Armistice Alley,30-(320)652-2291
Henry,Owens,1992-04-27,Media Manager II,1860,Al Matlīn,864 Emmet Trail,216-(185)470-0004
Joshua,Mitchell,2003-09-20,Internal Auditor,4376,Bell Ville,5 Cambridge Lane,54-(132)210-3765
Donna,Owens,1980-03-25,Computer Systems Analyst II,3455,Princeville,75 Memorial Center,1-(659)653-9485
Arthur,Dean,1997-09-05,Administrative Officer,8580,Huayuan,16458 Sauthoff Drive,86-(155)799-6877
Pamela,Crawford,1983-11-17,Marketing Assistant,6440,Kamiiso,24313 Canary Avenue,81-(423)834-6448
Roy,Russell,1984-12-13,Desktop Support Technician,1025,El Hatillo,500 Fisk Circle,58-(282)453-0835
Samuel,Dunn,1991-08-13,Assistant Media Planner,8100,Jeffersonville,12 Hoepker Court,1-(812)373-4739
Linda,Thomas,1981-11-05,Geologist I,9650,Vistino,2989 2nd Street,7-(516)741-7566
Andrea,Jackson,1972-11-26,Budget/Accounting Analyst III,7764,Cuozhou,038 Scofield Parkway,86-(207)456-1990
Craig,Castillo,2003-03-12,Internal Auditor,3155,Barreiro,168 Sheridan Center,351-(378)906-6199
Mary,Peterson,1998-09-16,Web Designer IV,8983,Birzai,54791 Randy Alley,370-(136)777-0902
Jason,Hansen,1997-01-20,Quality Control Specialist,2755,Kauit,837 Fieldstone Drive,63-(472)854-7302
Antonio,Stevens,1997-02-18,Media Manager IV,7521,Tanza,70 Armistice Hill,63-(831)870-6743
Juan,Holmes,1997-01-13,Actuary,7621,Las Palomas,3868 Homewood Plaza,595-(874)356-7233
Amanda,Hunt,2001-09-26,Editor,9720,Tanumshede,860 Stone Corner Point,46-(637)475-5160
Shirley,Holmes,2000-06-20,Business Systems Development Analyst,3849,Baoshi,13 Petterle Lane,86-(177)248-1876
Barbara,Hall,2003-10-31,Nuclear Power Engineer,4035,Magutian,374 Mayer Circle,86-(381)773-9934
Philip,Martinez,1973-10-13,Operator,1300,Klenovyy,7 North Center,380-(663)148-4654
Christine,Wells,1980-12-02,Assistant Media Planner,4277,Åstorp,008 Dorton Place,46-(241)468-8518
Cynthia,Hudson,1980-02-05,Clinical Specialist,2110,Viljoenskroon,7 Warrior Junction,27-(807)651-5485
Clarence,Dunn,1986-07-20,Office Assistant II,3382,Gachalá,9226 Erie Crossing,57-(598)680-8855
Diane,Gutierrez,1998-12-20,Senior Cost Accountant,3313,Pita Kotte,13392 Sundown Circle,94-(649)583-8864
Betty,Smith,2002-08-08,Chief Design Engineer,4607,Majingklak,8 Canary Place,62-(735)162-5170
Julie,Ramirez,1999-01-12,Sales Associate,9519,Eskilstuna,67 Clyde Gallagher Trail,46-(802)220-3868
Eric,Welch,1992-06-05,Analog Circuit Design manager,4640,Kamiennik,400 Knutson Drive,48-(652)670-7027
Jerry,Mcdonald,1985-03-10,Engineer I,7560,Voorburg,390 Hollow Ridge Hill,31-(847)356-4047
Daniel,Mitchell,1983-05-30,Web Designer III,3757,Sanlanbahai,69240 Farmco Place,86-(334)751-0841
Carl,Harrison,1990-07-06,Graphic Designer,3033,Kranggan,9924 Pierstorff Crossing,62-(906)588-4827
Paula,Cook,1978-01-01,Operator,6615,Huité,6341 Londonderry Place,502-(834)489-7395
Larry,Gomez,1982-04-14,Automation Specialist III,1171,Kedrovyy,6508 Farwell Terrace,7-(466)966-6163
Janet,Johnson,1998-08-11,Account Representative I,1949,San Felipe,02 Butternut Trail,506-(562)557-3662
Tina,Carpenter,2003-01-31,Clinical Specialist,1547,Kalamáta,5203 Stang Circle,30-(147)820-0758
Kathleen,Wright,2003-07-16,Design Engineer,2151,Şaydnāyā,99 Dennis Junction,963-(867)896-7868
Donald,Turner,1981-03-24,Executive Secretary,7461,Castellon De La Plana/Castello De La Pla,1985 Scofield Center,34-(637)614-5614
Roger,Parker,1999-07-24,Business Systems Development Analyst,4473,Neietsu,5 Farmco Drive,82-(114)500-6869
Barbara,Cooper,1978-01-24,Accounting Assistant I,9205,Greytown,575 Merry Parkway,27-(539)503-0918
Douglas,White,1987-02-09,Technical Writer,3596,Mūdīyah,1 Ridgeway Trail,967-(947)679-5230
Christina,Hamilton,2003-06-06,Community Outreach Specialist,2711,Dubrovka,17 Oneill Crossing,7-(178)393-9433
Ryan,Mitchell,1971-03-27,Geological Engineer,6513,Błaszki,4078 Mendota Circle,48-(233)919-2074
Benjamin,Ross,2000-12-15,Registered Nurse,5277,Jambangan,0 Melvin Terrace,62-(399)843-0008
Kelly,Lewis,1974-10-20,General Manager,6879,Rodionovo-Nesvetaiskoye,48 Petterle Terrace,7-(862)100-2650
Paul,Edwards,1998-04-19,VP Quality Control,3040,Kademangan,8272 Darwin Parkway,62-(841)981-8525
Carlos,Gordon,1974-05-17,Account Coordinator,3767,Kālīganj,23480 Parkside Crossing,880-(594)695-5290
Norma,Owens,1979-01-20,Chief Design Engineer,2919,Thị Trấn Phú Mỹ,8796 Service Way,84-(192)500-7647
Harold,Walker,1993-04-20,Software Engineer II,9206,Chaoyangdong,018 Muir Point,86-(444)774-4482
Jessica,Nguyen,2000-09-02,Senior Cost Accountant,5257,Famaillá,230 Johnson Trail,54-(224)320-3447
Pamela,Crawford,1983-11-17,Marketing Assistant,6440,Kamiiso,24313 Canary Avenue,81-(423)834-6448
Wanda,Watson,1998-03-22,Analyst Programmer,5298,Scottsdale,88083 Sundown Avenue,1-(480)233-1641
Janet,Fields,1986-08-20,Speech Pathologist,7034,Pangrumasan,6211 Red Cloud Road,62-(767)476-6997
Rachel,Gonzalez,1979-01-11,Research Associate,3104,Hanchang,7 Buhler Lane,86-(106)331-0943
Wayne,Marshall,1976-05-26,Database Administrator I,2127,Aradac,9 Blackbird Hill,381-(310)513-9484
Betty,Fox,1994-07-04,Human Resources Manager,6703,Tarikolot,387 Badeau Place,62-(239)681-3100
Martin,Gilbert,1989-06-16,Research Assistant IV,8093,Kokkinóchoma,0106 Muir Crossing,30-(892)611-4864
Bobby,Gonzales,2002-02-08,Media Manager III,9243,Kemil,582 Pankratz Lane,62-(637)118-6191
Dennis,Hamilton,1992-12-05,Programmer III,9492,Baiqi,5 Chive Terrace,86-(457)186-4937
Ernest,Banks,1996-07-12,Programmer III,4531,Karangarjo,533 Vermont Crossing,62-(888)126-7834
Julie,Bailey,1997-05-02,Associate Professor,7073,Idalolong,51 Erie Plaza,62-(329)529-9722
Sarah,Mendoza,1995-03-10,Accounting Assistant I,8504,Bacolod,72 Shopko Court,63-(111)385-4960
Kevin,Collins,1996-08-24,Web Designer IV,7265,Santa Rita Aplaya,8657 Bartillon Place,63-(977)289-9819
John,Black,1987-10-08,Office Assistant I,2262,Gupakan,9 Briar Crest Drive,62-(255)242-1217
Brian,Morrison,1979-11-01,Administrative Assistant III,4137,Nanjie,600 Grayhawk Circle,86-(438)808-7238
Willie,Sanders,1979-10-22,Office Assistant II,5501,Göteborg,42 Hazelcrest Park,46-(410)159-1894
Cynthia,Walker,1979-04-21,Cost Accountant,4493,Tumcon Ilawod,596 7th Crossing,63-(631)259-3156
Juan,Fox,1996-09-25,Design Engineer,2686,Linjiang,41844 Prentice Park,86-(302)120-1183
Susan,Davis,1975-08-31,Budget/Accounting Analyst II,7913,Laba Goumen,7 Crescent Oaks Terrace,86-(776)397-1910
Joe,Stewart,1988-09-25,Occupational Therapist,1004,Saltsjöbaden,0 Harbort Center,46-(414)468-2065
Donald,Lawrence,1979-07-25,Chief Design Engineer,5156,Uitenhage,249 Colorado Alley,27-(419)468-8816
Ronald,Ramos,1991-06-24,Operator,6533,El Soberbio,7042 Nobel Circle,54-(170)806-1542
Ryan,Mitchell,1971-03-27,Geological Engineer,6513,Błaszki,4078 Mendota Circle,48-(233)919-2074
Rose,Daniels,1977-02-15,Marketing Manager,1399,Limín Khersonísou,550 Cody Trail,30-(454)169-5634
Amy,Berry,1983-05-03,Speech Pathologist,1200,Masachapa,1538 Jackson Terrace,505-(464)931-6680
Ronald,Freeman,1995-07-16,Environmental Tech,2342,Chantilly,2812 Roth Parkway,33-(891)652-0465
Terry,Schmidt,2001-02-06,General Manager,4570,Beya,3 Division Circle,7-(563)819-6656
Denise,Wood,1986-03-11,Actuary,1272,Březí,8508 Muir Center,420-(220)387-5087
Julia,Stevens,1975-01-02,Engineer II,2477,Koffiefontein,07204 4th Park,27-(403)825-8172
Louis,Dean,1984-07-03,Quality Engineer,7872,Jixiang,457 Susan Crossing,86-(639)601-2555
Kimberly,Williamson,1990-07-13,Business Systems Development Analyst,2526,Jakšić,8578 Melody Park,385-(447)628-3039
Douglas,Bennett,1997-07-07,Executive Secretary,9821,Södertälje,690 Merry Pass,46-(449)827-8857
Wayne,Bell,1998-02-23,Quality Engineer,4422,Świdwin,9579 Monterey Hill,48-(530)729-0912
Heather,Gonzales,1973-04-17,Account Coordinator,2198,Diekirch,8994 Fairview Alley,352-(479)377-6537
Mildred,Murphy,1980-08-17,Senior Financial Analyst,4866,Del Campillo,285 Crownhardt Terrace,54-(818)896-1192
Jack,Chavez,1973-05-25,Graphic Designer,8260,Lelystad,4236 Maywood Terrace,31-(423)616-5185
Cheryl,Cole,1978-02-26,Operator,6294,Gaocun,3837 Mesta Park,86-(189)375-0393
Jennifer,Sanchez,1972-09-17,Chemical Engineer,9444,San Julian,41 Oneill Crossing,63-(137)516-2498
Victor,Garza,1985-03-26,Health Coach III,3508,Dengzhuang,6 Little Fleur Pass,86-(707)349-3755
Brenda,Palmer,1985-03-02,Accountant III,5194,Volzhskiy,3300 Eagle Crest Terrace,7-(141)591-9425
Sarah,Welch,1996-11-04,Social Worker,4460,Bordeaux,9 Del Sol Parkway,33-(915)514-4401
Angela,King,1975-05-14,Human Resources Assistant IV,8554,Datarkadu,1 Artisan Plaza,62-(277)591-6537
Nancy,Davis,1973-02-23,Account Representative IV,7424,Yaopi,24510 Emmet Hill,86-(165)723-1849
Barbara,Barnes,1989-03-27,VP Marketing,5348,Medzhibozh,96046 Larry Court,380-(537)775-8601
Wayne,Dean,1976-11-18,Engineer III,7794,Pochinok,30776 Nova Pass,7-(161)609-6713
Juan,Sanchez,2002-03-08,Data Coordiator,9674,Ávato,33 Loeprich Avenue,30-(489)185-5195
Julia,Hall,1979-02-27,Registered Nurse,1405,Shahre Jadide Andisheh,601 Paget Park,98-(675)224-4889
Juan,Berry,2001-05-30,Business Systems Development Analyst,2111,Titiakar,7237 Oxford Junction,62-(128)535-0064
Eugene,Oliver,1988-04-29,Product Engineer,9720,Fada,5859 Victoria Plaza,235-(369)285-3224
Ruby,Bishop,1981-03-17,Senior Developer,1936,Komorów,9281 Forster Park,48-(101)639-2578
George,Howard,1993-07-21,Editor,8536,Huanglong,58609 Linden Pass,86-(604)926-8425
Keith,Walker,1984-08-24,Senior Financial Analyst,8469,Roi Et,25 Luster Circle,66-(525)503-4077
Kimberly,Armstrong,1984-08-21,Senior Editor,3956,Stari Grad,3 Texas Way,385-(760)975-5851
Mark,Sims,1983-04-26,Speech Pathologist,4166,Dingcheng,79336 Donald Trail,86-(861)456-1084
Judith,Medina,1999-05-28,Help Desk Operator,8049,Tarascon,49702 Arkansas Center,33-(245)943-8868
Maria,Hayes,1983-11-23,Chief Design Engineer,1189,Tomsk,8135 Spohn Way,7-(709)253-0983
Bonnie,Nelson,1973-08-10,Health Coach III,7564,Xiaomei,475 Butternut Road,86-(313)504-7727
Wayne,Austin,1996-10-12,Chief Design Engineer,8393,Chã,760 Lakeland Parkway,351-(626)853-7548
Patrick,Gilbert,1973-06-04,Research Associate,2755,Puro,2 Mosinee Circle,63-(665)896-0258
Heather,Spencer,1998-11-04,Social Worker,9830,Gwio Kura,4 Fair Oaks Place,234-(789)865-9921
Carl,Riley,1996-02-06,Biostatistician IV,6081,Hongyansi,74387 Trailsway Crossing,86-(650)131-9693
Heather,Hicks,1981-10-08,Account Representative III,7460,Drnje,151 South Crossing,385-(212)941-9223
Jane,Smith,1974-06-23,Chemical Engineer,3315,Liuzhi,6 Buell Drive,86-(592)987-4439
Rachel,Jordan,1998-11-29,Web Designer III,2668,Llorente,884 Pepper Wood Road,63-(972)359-7952
Albert,Baker,1977-12-06,Nurse Practicioner,1422,Nalsian Norte,960 Mifflin Point,63-(680)386-5856
Rose,Tucker,1990-11-13,Executive Secretary,9703,Paris 08,39882 Sachtjen Terrace,33-(895)930-0714
William,Wood,2001-01-06,Systems Administrator IV,3033,Boavista,7115 Ryan Point,351-(389)847-0769
Jason,Martinez,1980-08-12,Nuclear Power Engineer,8168,Tubungan,188 Thackeray Point,63-(960)381-5060
Shawn,Andrews,2001-05-04,Senior Quality Engineer,1430,San Agustín,27 Helena Road,504-(216)333-5755
Catherine,Wright,1983-04-06,Business Systems Development Analyst,6138,Ocote Paulino,1 Ramsey Lane,504-(449)400-9741
Christopher,Wilson,1987-09-14,Nurse Practicioner,9455,Keluke,2817 Washington Pass,86-(796)123-5483
Philip,Watson,1995-09-04,Recruiting Manager,7425,Tijão,33875 Kennedy Avenue,351-(358)544-8083
Joseph,Fernandez,1972-07-25,Help Desk Operator,8702,Poroçan,1 Golf Course Lane,355-(576)612-9954
Victor,Garza,1985-03-26,Health Coach III,3508,Dengzhuang,6 Little Fleur Pass,86-(707)349-3755
Harry,Romero,1997-08-23,Statistician II,7190,Taubaté,87293 Westport Circle,55-(755)802-6297
Bobby,Barnes,1983-12-20,Office Assistant IV,9536,São Mateus do Maranhão,3 Hollow Ridge Parkway,55-(616)655-5417
Clarence,Gonzalez,1988-12-10,Computer Systems Analyst IV,9892,Buchou,1 International Avenue,86-(267)354-8243
Larry,Thompson,1993-09-12,Media Manager I,4660,Vacov,9289 1st Circle,420-(240)526-8080
Angela,Kim,1998-12-10,Clinical Specialist,5480,Reims,8411 Cordelia Plaza,33-(137)945-8781
Michael,Watkins,1990-07-11,Senior Quality Engineer,2330,Chatou,39 Beilfuss Park,86-(574)677-2954
Christine,Lawson,1978-11-29,Administrative Assistant II,4162,Toyota,5 Bluejay Circle,81-(957)860-6602
Lillian,Richardson,2000-04-16,Nurse,1407,Altenberg bei Linz,412 Acker Center,43-(788)387-1788
Richard,Bryant,1984-05-18,Statistician IV,7265,Si That,20389 Scofield Court,66-(868)481-7309
Diane,Hawkins,2002-02-18,Software Consultant,2542,Sampagar,4928 Meadow Valley Court,63-(138)528-4931
Lori,Carter,1990-04-07,Assistant Media Planner,1370,Huoli,73854 Cody Place,86-(828)344-7383
Katherine,Jordan,1986-03-22,Quality Engineer,9958,Gulong,12 Hansons Terrace,86-(615)394-6351
Stephen,Turner,1973-03-01,Internal Auditor,7193,Janowice,2 Stang Point,48-(522)424-3889
Jacqueline,Fowler,1982-07-15,Safety Technician I,2574,Khilok,5828 Moose Hill,7-(729)886-2476
Sean,Hudson,1986-06-01,Assistant Professor,4789,Aianí,9 Marquette Court,30-(572)175-2866
Harold,Banks,1975-04-20,Account Executive,6714,Dashiqiao,05 Thackeray Place,86-(641)701-9752
Dorothy,Hamilton,1996-10-08,Systems Administrator IV,8869,Pakisrejo,04 Victoria Pass,62-(263)100-7322
Ruby,Bailey,1993-08-22,Office Assistant IV,6442,Baler Baleagung,98 Sundown Point,62-(999)511-3688
Martha,Garza,1996-03-11,Quality Control Specialist,1191,Tall Salḩab,4 Holy Cross Parkway,963-(544)827-9067
Victor,Ford,1984-04-30,Quality Engineer,7334,Angkimang,2741 Mcguire Plaza,62-(982)227-4982
Karen,Gibson,1984-02-23,Staff Accountant I,4504,Babatngon,81 Anzinger Hill,63-(378)590-7894
Ruby,Ryan,2003-03-25,Director of Sales,2614,Mosoc Llacta,2 Comanche Plaza,51-(161)780-8177
Janice,Allen,1973-02-17,Software Engineer IV,9011,Sumqayıt,24 Granby Way,994-(722)607-2416
Linda,Day,1985-03-12,Mechanical Systems Engineer,3753,Chang’an,1 School Terrace,86-(451)204-2409
Laura,Peters,2001-12-05,Automation Specialist III,1543,Světlá nad Sázavou,866 Susan Pass,420-(402)641-5205
Keith,Simpson,1991-10-14,Account Representative IV,5349,Wangping,67868 Nevada Point,86-(916)604-8665
Charles,Hill,1978-07-20,Software Engineer II,6506,Ngawen,267 Melby Drive,62-(866)514-1834
Henry,Gonzales,1993-02-11,Information Systems Manager,6753,Peña Blanca,6 Pleasure Point,504-(484)307-4899
Mark,Tucker,1994-08-08,Operator,9182,Ureshino,832 Almo Road,81-(737)402-6487
Richard,Young,1991-03-26,Pharmacist,5645,Kertosari,590 Mendota Place,62-(767)303-3021
Paul,Kelly,1974-06-12,Help Desk Technician,6102,Doctor Juan León Mallorquín,980 Aberg Alley,595-(939)503-3222
Robert,Hicks,1979-08-01,Assistant Manager,5779,Drammen,5 Hallows Court,47-(362)488-0851
Shawn,Andrews,2001-05-04,Senior Quality Engineer,1430,San Agustín,27 Helena Road,504-(216)333-5755
Sharon,Powell,1971-06-26,Financial Analyst,8089,Makoko,728 Menomonie Road,234-(844)763-0383
Gary,Andrews,1972-04-26,Human Resources Assistant I,6405,Wuṯahpūr,9699 Burning Wood Road,93-(637)913-5718
Julia,Kim,1973-03-22,Quality Engineer,2094,Xingnong,0 Oriole Road,86-(767)182-1144
Betty,Scott,1981-11-18,GIS Technical Architect,9551,Haixing,0211 Hallows Trail,86-(350)800-8363
Lisa,Bailey,1980-06-23,Dental Hygienist,3622,Yingde’er,353 Dapin Point,86-(817)519-3532
Randy,Harper,1999-01-05,Safety Technician I,4641,Zhongping,6504 Nova Plaza,86-(686)209-7605
Daniel,Jones,1976-05-15,Sales Associate,8139,Jianguang,026 Waxwing Park,86-(696)415-2957
Louise,Johnson,1981-10-16,Account Representative III,5301,Yamrat,7982 Namekagon Circle,234-(331)364-2166
Jean,Sanchez,1990-02-13,Actuary,3326,Tangub,84338 Browning Crossing,63-(148)252-4528
Victor,Tucker,1985-11-17,Desktop Support Technician,1133,Puspajaya,015 Meadow Vale Terrace,62-(648)669-6582
Ruth,Fowler,1976-12-15,Account Executive,3843,Johor Bahru,7 Riverside Park,60-(170)922-6941
Richard,Simpson,1981-11-10,Office Assistant I,4399,Mchinji,0254 Summit Place,265-(203)600-2245
Louise,Hudson,1992-03-07,Information Systems Manager,1484,Stockholm,9 Buena Vista Alley,46-(158)317-6050
Raymond,Hunt,1995-08-27,Executive Secretary,2694,Rijau,01 Toban Street,234-(385)336-5213
Brenda,Ross,1994-11-28,Account Coordinator,3241,Wujiao,09208 Fuller Center,86-(815)772-6323
Mary,Green,2003-10-27,Senior Editor,6094,Apaga,47 Fair Oaks Park,374-(788)599-5784
Lillian,Lane,1995-04-17,Financial Advisor,4046,Maticmatic,18269 Sloan Street,63-(770)415-5264
Patricia,Wallace,1984-12-20,Operator,5515,Amado Nervo,537 Esker Street,52-(861)633-6218
Carol,Young,1974-03-20,Director of Sales,1033,Cam Ranh,74 Utah Park,84-(825)479-6418
Lisa,Franklin,1980-06-25,Account Representative III,9506,Beruniy,66873 Mandrake Place,998-(558)341-5690
Heather,Frazier,1975-01-03,Senior Cost Accountant,6576,Salitral,81921 Carey Park,506-(945)693-9484
Diana,Lawson,1976-05-10,Sales Representative,5928,Burrel,19714 Annamark Pass,355-(878)442-9594
Samuel,Wells,1974-01-11,Analyst Programmer,8943,Cutral-Có,7675 Straubel Place,54-(373)624-3599
Steve,George,2000-12-07,Assistant Manager,7489,San Pedro One,6 Jay Park,63-(376)733-1145
Brenda,Freeman,1980-05-18,Director of Sales,7113,São Miguel do Rio Torto,6 Donald Drive,351-(115)200-9350
Linda,Campbell,1973-11-17,Senior Editor,6534,Daigo,755 3rd Avenue,81-(377)932-1357
Katherine,Allen,2002-08-06,Software Consultant,9523,Mocoa,4596 Hermina Street,57-(360)376-9258
Jane,Henderson,1992-07-02,Human Resources Assistant I,8469,Ronggo,3 Rieder Drive,62-(110)835-6468
Brandon,Bailey,1972-04-24,Cost Accountant,2887,Villa Nueva,55286 Kings Way,54-(828)469-6983
Patrick,Montgomery,1984-09-11,Speech Pathologist,5718,Alangalang,8680 Bluestem Parkway,63-(148)663-6526
Carl,Gordon,2002-02-24,Structural Engineer,7587,Ryazhsk,86 Shopko Terrace,7-(210)160-7555
Bruce,Medina,1972-07-04,Health Coach II,9842,Caen,9817 Golden Leaf Park,33-(424)615-2388
Barbara,Crawford,1986-01-21,Research Assistant II,8857,Tsaghkahovit,75276 Arizona Trail,374-(177)331-3445
Michelle,Willis,2001-01-21,Structural Engineer,6412,Paris 18,27 Loomis Road,33-(508)842-3409
Judy,Gray,1996-08-31,Programmer II,1901,Bukomansimbi,4728 Killdeer Trail,256-(342)572-8904
Paul,Perez,1997-12-21,Pharmacist,1920,Ramon’,0973 Express Street,7-(769)707-0334
Albert,Price,1980-10-02,Safety Technician III,9940,Dob,12 Farmco Plaza,386-(758)338-4590
Antonio,Oliver,1981-05-22,Registered Nurse,2645,Corani,06855 Myrtle Pass,51-(808)858-0003
Harold,Harrison,1990-07-08,Food Chemist,1994,Lindavista,31 Merry Parkway,52-(250)112-4486
Rachel,Lopez,1972-05-24,Programmer IV,7520,Zehak,72 Holmberg Court,98-(174)557-3611
David,Nelson,1984-04-25,Assistant Manager,7925,Ajasse Ipo,6556 Little Fleur Plaza,234-(800)619-8968
Mary,Frazier,1971-08-16,Software Test Engineer IV,6716,Kuala Lumpur,5 Arapahoe Alley,60-(774)777-0148
Clarence,Little,1981-01-08,Business Systems Development Analyst,5107,Ondoy,59 La Follette Court,63-(292)943-2039
Evelyn,Jackson,1982-07-24,GIS Technical Architect,8558,Obollo-Afor,4136 Jenifer Terrace,234-(386)874-8256
Linda,Campbell,1973-11-17,Senior Editor,6534,Daigo,755 3rd Avenue,81-(377)932-1357
Paula,Williams,1972-03-17,Software Test Engineer I,5922,Unquillo,29400 Mallory Pass,54-(454)924-9378
Adam,Price,2000-07-16,Occupational Therapist,4312,eSikhawini,198 Forest Park,27-(995)875-3591
Joseph,Tucker,1994-01-11,Senior Cost Accountant,2621,Kannabechō-yahiro,5178 Straubel Hill,81-(565)270-7474
Brenda,Freeman,1980-05-18,Director of Sales,7113,São Miguel do Rio Torto,6 Donald Drive,351-(115)200-9350
Michael,Vasquez,1981-01-14,Occupational Therapist,6287,Villa Santa Rita,0 Meadow Valley Road,54-(749)625-9649
Jimmy,Rivera,1978-11-29,Electrical Engineer,8700,Kapiri Mposhi,25397 Raven Terrace,260-(894)521-3451
Wanda,Watson,1986-09-10,Environmental Specialist,3693,Colonia Mauricio José Troche,30110 Tony Parkway,595-(945)150-7322
Craig,Hayes,2001-07-10,Office Assistant IV,6107,Sumberejo,5585 Buhler Road,62-(555)676-3623
Catherine,Matthews,1996-10-07,Database Administrator I,8459,Alapayevsk,84 Killdeer Drive,7-(870)266-5988
Brian,Austin,1972-11-16,Marketing Assistant,7023,Ploso Wetan,5 Starling Terrace,62-(684)797-8635
Anna,Wood,1982-08-03,Recruiter,7495,Coromandel,7 Knutson Park,64-(899)333-2839
Matthew,Taylor,1981-12-08,Software Engineer IV,5166,As Saddah,53059 Emmet Way,967-(609)833-6848
Norma,Richardson,2000-09-26,Financial Advisor,4713,Berbek,319 Pearson Hill,62-(419)201-1628
Jesse,Gomez,2000-01-10,Programmer Analyst III,9229,Maiorca,20570 Talmadge Alley,351-(736)151-4499
Christopher,Wells,1983-05-27,Help Desk Technician,9343,Kupavna,8 Northview Parkway,7-(974)826-8440
Janet,Marshall,1990-07-07,Account Representative II,6285,Bagenalstown,21 Kropf Crossing,353-(551)235-4833
Jack,Rose,1990-11-15,Project Manager,9525,Río Campo,1929 Crest Line Alley,240-(543)377-0340
Matthew,Roberts,1973-05-01,Senior Sales Associate,2205,Heishui,77 Reindahl Street,86-(343)843-1924
Michelle,Willis,2001-01-21,Structural Engineer,6412,Paris 18,27 Loomis Road,33-(508)842-3409
Joyce,Phillips,1992-04-13,Actuary,2271,Miyoshi,4477 Stone Corner Road,81-(586)427-1303
Howard,Hernandez,1980-07-30,Research Assistant IV,4734,Parung,73848 Dahle Hill,62-(144)138-8914
Billy,Griffin,1980-10-23,Geological Engineer,6379,Libu,5711 Canary Street,86-(858)814-3104
Sean,Franklin,1987-09-21,Software Engineer IV,8003,Gudang,75711 Montana Lane,62-(493)807-4920
Alice,Wallace,1986-12-12,Internal Auditor,5943,Santo Antônio de Pádua,4 Dexter Junction,55-(931)331-1181
Shirley,Ellis,1985-06-25,Budget/Accounting Analyst II,1135,Zhonghechang,9613 Gulseth Junction,86-(569)123-5460
Kimberly,Bailey,1996-07-08,Biostatistician II,6530,San Pedro de Lloc,19 Hayes Alley,51-(575)849-7635
Frances,Grant,1974-08-01,Software Engineer IV,3881,Mapiri,5819 Grasskamp Alley,591-(743)912-5361
Alice,Wallace,1986-12-12,Internal Auditor,5943,Santo Antônio de Pádua,4 Dexter Junction,55-(931)331-1181